{"stat.chestOpened":5,"stat.pickup.minecraft.iron_leggings":1,"stat.flyOneCm":11463,"stat.walkOneCm":8074,"stat.jump":60,"stat.playOneMinute":5282,"stat.pickup.minecraft.iron_helmet":1,"stat.useItem.mod_lavacow.tooth_dagger":2,"stat.fallOneCm":1245,"stat.pickup.mod_lavacow.tooth_dagger":1,"stat.sneakTime":283,"stat.damageTaken":71,"stat.damageDealt":78,"stat.crouchOneCm":1285,"stat.timeSinceDeath":5282,"stat.pickup.minecraft.dirt":1,"stat.sprintOneCm":6877,"stat.mineBlock.minecraft.dirt":1,"stat.pickup.minecraft.iron_chestplate":1,"stat.useItem.minecraft.stone_slab2":1}