{"stat.chestOpened":23,"stat.useItem.minecraft.stone":6,"stat.useItem.minecraft.iron_axe":42,"stat.leaveGame":2,"stat.pickup.minecraft.gravel":20,"stat.pickup.minecraft.iron_sword":1,"stat.mineBlock.minecraft.cobblestone":1,"stat.pickup.minecraft.flint":1,"stat.useItem.minecraft.apple":6,"stat.jump":549,"stat.swimOneCm":96,"stat.pickup.minecraft.fence":3,"stat.pickup.minecraft.iron_helmet":1,"stat.pickup.minecraft.coal":66,"stat.fallOneCm":5747,"stat.pickup.minecraft.iron_ingot":7,"stat.pickup.minecraft.enchanted_book":1,"stat.crouchOneCm":11258,"stat.craftItem.minecraft.torch":4,"stat.pickup.minecraft.dirt":224,"stat.useItem.minecraft.dirt":137,"stat.drop.minecraft.iron_shovel":2,"stat.pickup.zoocraftdiscoveries.seed_basil":1,"stat.useItem.minecraft.stone_slab2":12,"stat.pickup.minecraft.iron_boots":1,"stat.pickup.minecraft.iron_ore":31,"stat.craftingTableInteraction":6,"stat.pickup.minecraft.gold_ore":7,"stat.pickup.minecraft.iron_axe":1,"stat.damageTaken":343,"stat.mineBlock.minecraft.torch":7,"stat.pickup.minecraft.cobblestone":309,"stat.pickup.minecraft.iron_leggings":1,"stat.flyOneCm":68539,"stat.craftItem.minecraft.iron_shovel":1,"stat.mineBlock.minecraft.gravel":21,"stat.damageDealt":464,"stat.pickup.minecraft.redstone":53,"stat.mineBlock.minecraft.iron_ore":33,"stat.timeSinceDeath":54339,"stat.mineBlock.minecraft.dirt":222,"stat.useItem.minecraft.iron_pickaxe":473,"stat.useItem.minecraft.iron_shovel":245,"stat.walkOneCm":93661,"stat.useItem.minecraft.torch":9,"stat.killEntity.primitivemobs.bewitched_tome":1,"stat.drop.zoocraftdiscoveries.seed_basil":1,"stat.pickup.minecraft.crafting_table":1,"stat.useItem.minecraft.cobblestone":14,"stat.furnaceInteraction":2,"stat.craftItem.minecraft.crafting_table":1,"stat.drop.minecraft.dirt":1,"stat.mineBlock.minecraft.double_plant":3,"stat.pickup.minecraft.iron_shovel":2,"stat.pickup.zoocraftdiscoveries.seed_lemongrass":1,"stat.pickup.minecraft.trapdoor":12,"stat.mineBlock.minecraft.coal_ore":68,"stat.pickup.zoocraftdiscoveries.seed_dill":1,"stat.pickup.mod_lavacow.mimic_claw":2,"stat.drop.minecraft.birch_stairs":3,"stat.pickup.minecraft.log":105,"stat.mineBlock.minecraft.birch_stairs":6,"stat.killEntity.mod_lavacow.mimic":1,"stat.pickup.minecraft.iron_pickaxe":1,"stat.useItem.minecraft.cooked_mutton":4,"stat.pickup.minecraft.stone":42,"stat.pickup.minecraft.birch_stairs":3,"stat.pickup.minecraft.sapling":51,"stat.sprintOneCm":104890,"stat.pickup.minecraft.iron_chestplate":1,"stat.pickup.minecraft.apple":6,"stat.useItem.minecraft.fence":35,"stat.drop.zoocraftdiscoveries.seed_dill":1,"stat.craftItem.minecraft.stick":56,"stat.useItem.mod_lavacow.tooth_dagger":2,"stat.craftItem.minecraft.planks":124,"stat.useItem.minecraft.iron_sword":11,"stat.pickup.mod_lavacow.tooth_dagger":1,"stat.mineBlock.minecraft.fence":3,"stat.craftItem.minecraft.fence_gate":2,"stat.mineBlock.minecraft.crafting_table":1,"stat.mobKills":2,"stat.mineBlock.minecraft.log":107,"stat.craftItem.minecraft.fence":36,"stat.drop":6,"stat.mineBlock.minecraft.leaves":6,"stat.playOneMinute":54339,"stat.pickup.minecraft.torch":18,"stat.mineBlock.minecraft.redstone_ore":12,"stat.sneakTime":3694,"stat.craftItem.minecraft.iron_pickaxe":1,"stat.mineBlock.minecraft.stone":346,"stat.mineBlock.minecraft.gold_ore":7,"stat.mineBlock.minecraft.tallgrass":7,"stat.pickup.minecraft.cooked_mutton":9}