{"stat.pickup.minecraft.bone":2,"stat.pickup.minecraft.wooden_slab":21,"stat.pickup.blocklings.blockling":1,"stat.useItem.minecraft.iron_axe":226,"stat.leaveGame":12,"stat.mineBlock.minecraft.cobblestone":39,"stat.useItem.harvestcraft.calamaricookeditem":4,"stat.pickup.minecraft.flint":3,"stat.craftItem.minecraft.iron_axe":3,"stat.pickup.ebwizardry.spell_book":1,"stat.pickup.mod_lavacow.cursed_fabric":3,"stat.swimOneCm":40946,"stat.pickup.minecraft.enchanted_book":1,"stat.useItem.minecraft.planks":367,"stat.climbOneCm":492,"stat.drop.minecraft.cobblestone":1,"stat.useItem.minecraft.dirt":1534,"stat.useItem.minecraft.stone_slab2":92,"stat.pickup.minecraft.bow":1,"stat.pickup.minecraft.iron_boots":1,"stat.killEntity.blockling":1,"stat.useItem.minecraft.water_bucket":30,"stat.killEntity.primitivemobs.skeleton_warrior":1,"stat.killEntity.primitivemobs.mother_spider":1,"stat.mineBlock.minecraft.stone_brick_stairs":1,"stat.pickup.minecraft.rotten_flesh":6,"stat.pickup.minecraft.sand":148,"stat.craftItem.minecraft.furnace":1,"stat.pickup.mod_lavacow.parasite_item":1,"stat.entityKilledBy.primitivemobs.skeleton_warrior":1,"stat.pickup.minecraft.cobblestone_wall":3,"stat.craftItem.minecraft.cooked_beef":4,"stat.pickup.minecraft.cobblestone":861,"stat.mineBlock.minecraft.wooden_slab":4,"stat.flyOneCm":530010,"stat.craftItem.minecraft.iron_shovel":8,"stat.pickup.minecraft.glass_bottle":4,"stat.mineBlock.minecraft.sand":149,"stat.craftItem.minecraft.wooden_slab":78,"stat.useItem.minecraft.cooked_beef":8,"stat.drop.ebwizardry.spell_book":1,"stat.pickup.minecraft.redstone":96,"stat.mineBlock.minecraft.iron_ore":51,"stat.timeSinceDeath":26569,"stat.useItem.minecraft.iron_pickaxe":1231,"stat.pickup.mod_lavacow.intestine":1,"stat.useItem.minecraft.wooden_slab":56,"stat.useItem.minecraft.iron_shovel":2031,"stat.pickup.minecraft.double_plant":4,"stat.killEntity.mod_lavacow.parasite":1,"stat.useItem.minecraft.oak_stairs":46,"stat.furnaceInteraction":40,"stat.drop.minecraft.dirt":1,"stat.pickup.minecraft.iron_shovel":3,"stat.pickup.minecraft.trapdoor":18,"stat.mineBlock.minecraft.coal_ore":138,"stat.pickup.ebwizardry.smoke_bomb":1,"stat.pickup.minecraft.shield":1,"stat.pickup.minecraft.wooden_sword":1,"stat.pickup.minecraft.string":11,"stat.mineBlock.minecraft.birch_stairs":6,"stat.killEntity.primitivemobs.trollager":1,"stat.killEntity.mod_lavacow.mimic":1,"stat.pickup.harvestcraft.calamaricookeditem":4,"stat.pickup.minecraft.beef":4,"stat.entityKilledBy.primitivemobs.baby_spider":1,"stat.useItem.minecraft.cooked_mutton":16,"stat.craftItem.minecraft.stone_slab2":0,"stat.pickup.minecraft.birch_stairs":3,"stat.useItem.minecraft.trapdoor":12,"stat.sprintOneCm":609906,"stat.pickup.minecraft.iron_chestplate":1,"stat.useItem.minecraft.fence":82,"stat.craftItem.minecraft.stick":196,"stat.useItem.mod_lavacow.tooth_dagger":2,"stat.pickup.mod_lavacow.tooth_dagger":1,"stat.mineBlock.minecraft.fence":29,"stat.craftItem.minecraft.fence_gate":3,"stat.useItem.minecraft.wheat_seeds":75,"stat.mineBlock.minecraft.crafting_table":1,"stat.useItem.minecraft.carrot":6,"stat.useItem.minecraft.wheat":18,"stat.pickup.minecraft.leather_leggings":2,"stat.useItem.minecraft.dye":5,"stat.mineBlock.minecraft.oak_stairs":9,"stat.killEntity.mocreatures:cricket":1,"stat.mineBlock.minecraft.planks":26,"stat.deaths":3,"stat.pickup.mod_lavacow.veil_shroom":1,"stat.drop":12,"stat.playOneMinute":387098,"stat.drop.minecraft.string":1,"stat.useItem.minecraft.ladder":2,"stat.craftItem.minecraft.iron_pickaxe":5,"stat.pickup.minecraft.slime_ball":3,"stat.killEntity.Zombie":7,"stat.craftItem.minecraft.dye":6,"stat.mineBlock.minecraft.gold_ore":7,"stat.mineBlock.minecraft.tallgrass":112,"stat.craftItem.minecraft.cooked_mutton":4,"stat.diveOneCm":16215,"stat.pickup.minecraft.cooked_mutton":12,"stat.pickup.minecraft.wheat":27,"stat.killEntity.mod_lavacow.raven":1,"stat.chestOpened":73,"stat.craftItem.minecraft.ladder":3,"stat.useItem.minecraft.stone":7,"stat.pickup.minecraft.gravel":34,"stat.pickup.minecraft.iron_sword":2,"stat.pickup.minecraft.arrow":2,"stat.useItem.minecraft.apple":30,"stat.pickup.minecraft.obsidian":2,"stat.mineBlock.mod_lavacow.veil_shroom":1,"stat.useItem.minecraft.rotten_flesh":7,"stat.pickup.minecraft.stone_brick_stairs":1,"stat.craftItem.minecraft.iron_hoe":1,"stat.jump":3699,"stat.useItem.minecraft.sand":2,"stat.pickup.minecraft.fence":16,"stat.pickup.minecraft.iron_helmet":1,"stat.pickup.minecraft.coal":136,"stat.fallOneCm":49996,"stat.pickup.minecraft.iron_ingot":9,"stat.pickup.minecraft.carrot":6,"stat.pickup.minecraft.melon_seeds":12,"stat.pickup.minecraft.gunpowder":3,"stat.crouchOneCm":181636,"stat.pickup.minecraft.spider_eye":2,"stat.craftItem.minecraft.torch":4,"stat.craftItem.minecraft.chest":4,"stat.craftItem.minecraft.iron_ingot":48,"stat.useItem.mod_lavacow.mimic_claw_cooked":3,"stat.pickup.minecraft.dirt":1953,"stat.drop.minecraft.iron_shovel":3,"stat.useItem.minecraft.iron_hoe":70,"stat.pickup.minecraft.iron_ore":48,"stat.craftingTableInteraction":44,"stat.useItem.minecraft.glass":30,"stat.pickup.minecraft.gold_ore":7,"stat.useItem.minecraft.sapling":4,"stat.mineBlock.minecraft.lapis_ore":11,"stat.pickup.minecraft.iron_axe":2,"stat.damageTaken":2973,"stat.pickup.minecraft.leather":3,"stat.mineBlock.minecraft.torch":18,"stat.mineBlock.minecraft.red_flower":6,"stat.mineBlock.minecraft.sapling":1,"stat.pickup.minecraft.dye":63,"stat.pickup.minecraft.planks":104,"stat.pickup.minecraft.iron_leggings":1,"stat.pickup.minecraft.bed":1,"stat.craftItem.mod_lavacow.mimic_claw_cooked":2,"tombstone:undead_killed":2,"stat.pickup.conarm.book":1,"stat.pickup.minecraft.wheat_seeds":75,"stat.pickup.minecraft.oak_stairs":11,"stat.mineBlock.minecraft.gravel":38,"stat.damageDealt":4145,"stat.craftItem.minecraft.glass":32,"stat.sleepInBed":9,"stat.craftItem.minecraft.oak_stairs":40,"stat.killEntity.Cow":2,"stat.mineBlock.minecraft.dirt":1979,"stat.killEntity.primitivemobs.baby_spider":3,"stat.drop.minecraft.iron_axe":1,"stat.walkOneCm":866616,"stat.useItem.minecraft.torch":13,"stat.mineBlock.minecraft.birch_fence":1,"stat.killEntity.primitivemobs.bewitched_tome":1,"stat.playerKills":1,"stat.useItem.minecraft.chest":1,"stat.pickup.minecraft.crafting_table":1,"stat.useItem.minecraft.log":153,"stat.useItem.minecraft.cobblestone":297,"stat.craftItem.minecraft.crafting_table":3,"stat.mineBlock.minecraft.double_plant":11,"stat.pickup.tconstruct.pickaxe":1,"stat.pickup.mod_lavacow.mimic_claw":2,"stat.drop.minecraft.birch_stairs":3,"stat.pickup.minecraft.log":731,"stat.pickup.mod_lavacow.feather_black":2,"stat.pickup.minecraft.iron_pickaxe":1,"stat.useItem.tombstone.gift":1,"stat.pickup.minecraft.stone":85,"stat.pickup.minecraft.baked_potato":16,"stat.pickup.minecraft.sapling":265,"stat.pickup.minecraft.apple":30,"stat.craftItem.minecraft.bucket":1,"stat.craftItem.minecraft.planks":1068,"stat.useItem.minecraft.iron_sword":79,"stat.killEntity.Spider":3,"stat.mobKills":26,"stat.mineBlock.minecraft.log":788,"stat.craftItem.minecraft.wooden_door":3,"stat.craftItem.minecraft.fence":69,"stat.useItem.carryon.entity_item":7,"stat.useItem.minecraft.wooden_door":1,"stat.mineBlock.minecraft.leaves":31,"stat.pickup.minecraft.torch":44,"stat.mineBlock.minecraft.redstone_ore":23,"stat.pickup.mod_lavacow.mimic_claw_cooked":3,"stat.sneakTime":56539,"stat.killEntity.mocreatures:maggot":1,"stat.mineBlock.minecraft.cobblestone_wall":3,"stat.useItem.minecraft.baked_potato":9,"stat.mineBlock.minecraft.stone":953}