{"stat.pickup.minecraft.bone":2,"stat.pickup.blocklings.blockling":1,"stat.useItem.minecraft.iron_axe":99,"stat.leaveGame":12,"stat.mineBlock.minecraft.cobblestone":1,"stat.useItem.harvestcraft.calamaricookeditem":3,"stat.pickup.minecraft.flint":1,"stat.craftItem.minecraft.iron_axe":1,"stat.swimOneCm":6864,"stat.pickup.minecraft.enchanted_book":1,"stat.useItem.minecraft.planks":231,"stat.useItem.minecraft.dirt":246,"stat.pickup.zoocraftdiscoveries.seed_basil":1,"stat.useItem.minecraft.stone_slab2":40,"stat.pickup.minecraft.bow":1,"stat.pickup.minecraft.iron_boots":1,"stat.killEntity.blockling":1,"stat.craftItem.minecraft.furnace":1,"stat.pickup.minecraft.cobblestone":467,"stat.flyOneCm":170813,"stat.craftItem.minecraft.iron_shovel":1,"stat.pickup.minecraft.redstone":96,"stat.mineBlock.minecraft.iron_ore":51,"stat.timeSinceDeath":144607,"stat.useItem.minecraft.iron_pickaxe":754,"stat.useItem.minecraft.iron_shovel":260,"stat.drop.zoocraftdiscoveries.seed_basil":1,"stat.useItem.minecraft.oak_stairs":41,"stat.furnaceInteraction":24,"stat.drop.minecraft.dirt":1,"stat.pickup.minecraft.iron_shovel":2,"stat.pickup.minecraft.trapdoor":13,"stat.mineBlock.minecraft.coal_ore":126,"stat.pickup.ebwizardry.smoke_bomb":1,"stat.pickup.minecraft.wooden_sword":1,"stat.mineBlock.minecraft.birch_stairs":6,"stat.killEntity.mod_lavacow.mimic":1,"stat.pickup.harvestcraft.calamaricookeditem":4,"stat.useItem.minecraft.cooked_mutton":16,"stat.craftItem.minecraft.stone_slab2":0,"stat.pickup.minecraft.birch_stairs":3,"stat.useItem.minecraft.trapdoor":12,"stat.sprintOneCm":243968,"stat.pickup.minecraft.iron_chestplate":1,"stat.useItem.minecraft.fence":38,"stat.drop.zoocraftdiscoveries.seed_dill":1,"stat.craftItem.minecraft.stick":60,"stat.useItem.mod_lavacow.tooth_dagger":2,"stat.pickup.mod_lavacow.tooth_dagger":1,"stat.mineBlock.minecraft.fence":4,"stat.craftItem.minecraft.fence_gate":3,"stat.mineBlock.minecraft.crafting_table":1,"stat.useItem.minecraft.dye":5,"stat.mineBlock.minecraft.oak_stairs":9,"stat.mineBlock.minecraft.planks":14,"stat.drop":6,"stat.playOneMinute":144607,"stat.craftItem.minecraft.iron_pickaxe":3,"stat.killEntity.Zombie":1,"stat.craftItem.minecraft.dye":6,"stat.mineBlock.minecraft.gold_ore":7,"stat.mineBlock.minecraft.tallgrass":7,"stat.craftItem.minecraft.cooked_mutton":4,"stat.diveOneCm":5745,"stat.pickup.minecraft.cooked_mutton":12,"stat.killEntity.mod_lavacow.raven":1,"stat.chestOpened":45,"stat.useItem.minecraft.stone":6,"stat.pickup.minecraft.gravel":20,"stat.pickup.minecraft.iron_sword":1,"stat.useItem.minecraft.apple":8,"stat.useItem.minecraft.rotten_flesh":1,"stat.jump":1371,"stat.pickup.minecraft.fence":4,"stat.pickup.minecraft.iron_helmet":1,"stat.pickup.minecraft.coal":123,"stat.fallOneCm":21648,"stat.pickup.minecraft.iron_ingot":8,"stat.pickup.minecraft.gunpowder":3,"stat.crouchOneCm":27295,"stat.craftItem.minecraft.torch":4,"stat.craftItem.minecraft.chest":1,"stat.craftItem.minecraft.iron_ingot":10,"stat.pickup.minecraft.dirt":255,"stat.drop.minecraft.iron_shovel":2,"stat.pickup.minecraft.iron_ore":48,"stat.craftingTableInteraction":19,"stat.pickup.minecraft.gold_ore":7,"stat.useItem.minecraft.sapling":4,"stat.mineBlock.minecraft.lapis_ore":8,"stat.pickup.minecraft.iron_axe":1,"stat.damageTaken":1295,"stat.pickup.minecraft.leather":2,"stat.mineBlock.minecraft.torch":10,"stat.mineBlock.minecraft.sapling":1,"stat.pickup.minecraft.dye":44,"stat.pickup.minecraft.planks":96,"stat.pickup.minecraft.iron_leggings":1,"stat.craftItem.mod_lavacow.mimic_claw_cooked":2,"stat.pickup.conarm.book":1,"stat.pickup.minecraft.oak_stairs":10,"stat.mineBlock.minecraft.gravel":21,"stat.damageDealt":1060,"stat.sleepInBed":2,"stat.craftItem.minecraft.oak_stairs":40,"stat.mineBlock.minecraft.dirt":257,"stat.walkOneCm":298746,"stat.useItem.minecraft.torch":9,"stat.killEntity.primitivemobs.bewitched_tome":1,"stat.playerKills":1,"stat.pickup.minecraft.crafting_table":1,"stat.useItem.minecraft.log":129,"stat.useItem.minecraft.cobblestone":22,"stat.craftItem.minecraft.crafting_table":3,"stat.mineBlock.minecraft.double_plant":3,"stat.pickup.zoocraftdiscoveries.seed_lemongrass":1,"stat.pickup.tconstruct.pickaxe":1,"stat.pickup.zoocraftdiscoveries.seed_dill":1,"stat.pickup.mod_lavacow.mimic_claw":2,"stat.drop.minecraft.birch_stairs":3,"stat.pickup.minecraft.log":249,"stat.pickup.mod_lavacow.feather_black":2,"stat.pickup.minecraft.iron_pickaxe":1,"stat.pickup.minecraft.stone":72,"stat.pickup.minecraft.sapling":86,"stat.pickup.minecraft.apple":8,"stat.craftItem.minecraft.planks":472,"stat.useItem.minecraft.iron_sword":25,"stat.mobKills":6,"stat.mineBlock.minecraft.log":285,"stat.craftItem.minecraft.wooden_door":3,"stat.craftItem.minecraft.fence":36,"stat.useItem.minecraft.wooden_door":1,"stat.mineBlock.minecraft.leaves":17,"stat.pickup.minecraft.torch":22,"stat.mineBlock.minecraft.redstone_ore":23,"stat.sneakTime":9044,"stat.mineBlock.minecraft.stone":533}