{"stat.chestOpened":15,"stat.walkOneCm":20174,"stat.useItem.minecraft.stone":1,"stat.useItem.minecraft.iron_axe":18,"stat.leaveGame":1,"stat.pickup.minecraft.gravel":2,"stat.pickup.minecraft.iron_sword":1,"stat.useItem.minecraft.cobblestone":2,"stat.furnaceInteraction":2,"stat.craftItem.minecraft.crafting_table":1,"stat.useItem.minecraft.apple":3,"stat.mineBlock.minecraft.coal_ore":24,"stat.pickup.minecraft.log":101,"stat.jump":157,"stat.pickup.minecraft.iron_helmet":1,"stat.pickup.minecraft.coal":24,"stat.fallOneCm":3033,"stat.pickup.minecraft.iron_ingot":7,"stat.pickup.minecraft.iron_pickaxe":1,"stat.pickup.minecraft.stone":3,"stat.crouchOneCm":1609,"stat.craftItem.minecraft.torch":4,"stat.pickup.minecraft.sapling":48,"stat.pickup.minecraft.dirt":4,"stat.useItem.minecraft.dirt":2,"stat.sprintOneCm":35588,"stat.pickup.minecraft.iron_chestplate":1,"stat.useItem.minecraft.stone_slab2":4,"stat.pickup.minecraft.apple":5,"stat.pickup.minecraft.iron_boots":1,"stat.craftItem.minecraft.stick":8,"stat.pickup.minecraft.iron_ore":5,"stat.craftingTableInteraction":1,"stat.useItem.mod_lavacow.tooth_dagger":2,"stat.craftItem.minecraft.planks":64,"stat.pickup.minecraft.iron_axe":1,"stat.pickup.mod_lavacow.tooth_dagger":1,"stat.damageTaken":71,"stat.pickup.minecraft.cobblestone":121,"stat.mineBlock.minecraft.log":103,"stat.pickup.minecraft.iron_leggings":1,"stat.flyOneCm":34239,"stat.craftItem.minecraft.iron_shovel":1,"stat.mineBlock.minecraft.leaves":2,"stat.playOneMinute":17485,"stat.mineBlock.minecraft.gravel":2,"stat.sneakTime":358,"stat.damageDealt":88,"stat.mineBlock.minecraft.iron_ore":5,"stat.timeSinceDeath":17485,"stat.mineBlock.minecraft.dirt":4,"stat.useItem.minecraft.iron_pickaxe":157,"stat.mineBlock.minecraft.stone":124,"stat.mineBlock.minecraft.tallgrass":1}