{"stat.pickup.minecraft.bone":2,"stat.pickup.minecraft.wooden_slab":21,"stat.pickup.blocklings.blockling":1,"stat.useItem.minecraft.iron_axe":186,"stat.leaveGame":12,"stat.mineBlock.minecraft.cobblestone":35,"stat.useItem.harvestcraft.calamaricookeditem":4,"stat.pickup.minecraft.flint":1,"stat.craftItem.minecraft.iron_axe":3,"stat.swimOneCm":13565,"stat.pickup.minecraft.enchanted_book":1,"stat.useItem.minecraft.planks":299,"stat.useItem.minecraft.dirt":914,"stat.useItem.minecraft.stone_slab2":63,"stat.pickup.minecraft.bow":1,"stat.pickup.minecraft.iron_boots":1,"stat.killEntity.blockling":1,"stat.useItem.minecraft.water_bucket":10,"stat.pickup.minecraft.rotten_flesh":5,"stat.craftItem.minecraft.furnace":1,"stat.pickup.mod_lavacow.parasite_item":1,"stat.pickup.minecraft.cobblestone":620,"stat.mineBlock.minecraft.wooden_slab":4,"stat.flyOneCm":368732,"stat.craftItem.minecraft.iron_shovel":4,"stat.craftItem.minecraft.wooden_slab":78,"stat.useItem.minecraft.cooked_beef":4,"stat.pickup.minecraft.redstone":96,"stat.mineBlock.minecraft.iron_ore":51,"stat.timeSinceDeath":284498,"stat.useItem.minecraft.iron_pickaxe":970,"stat.pickup.mod_lavacow.intestine":1,"stat.useItem.minecraft.wooden_slab":56,"stat.useItem.minecraft.iron_shovel":1026,"stat.pickup.minecraft.double_plant":1,"stat.killEntity.mod_lavacow.parasite":1,"stat.useItem.minecraft.oak_stairs":46,"stat.furnaceInteraction":29,"stat.drop.minecraft.dirt":1,"stat.pickup.minecraft.iron_shovel":2,"stat.pickup.minecraft.trapdoor":13,"stat.mineBlock.minecraft.coal_ore":138,"stat.pickup.ebwizardry.smoke_bomb":1,"stat.pickup.minecraft.wooden_sword":1,"stat.pickup.minecraft.string":2,"stat.mineBlock.minecraft.birch_stairs":6,"stat.killEntity.mod_lavacow.mimic":1,"stat.pickup.harvestcraft.calamaricookeditem":4,"stat.useItem.minecraft.cooked_mutton":16,"stat.craftItem.minecraft.stone_slab2":0,"stat.pickup.minecraft.birch_stairs":3,"stat.useItem.minecraft.trapdoor":12,"stat.sprintOneCm":473788,"stat.pickup.minecraft.iron_chestplate":1,"stat.useItem.minecraft.fence":38,"stat.craftItem.minecraft.stick":80,"stat.useItem.mod_lavacow.tooth_dagger":2,"stat.pickup.mod_lavacow.tooth_dagger":1,"stat.mineBlock.minecraft.fence":4,"stat.craftItem.minecraft.fence_gate":3,"stat.useItem.minecraft.wheat_seeds":39,"stat.mineBlock.minecraft.crafting_table":1,"stat.useItem.minecraft.carrot":6,"stat.useItem.minecraft.wheat":18,"stat.useItem.minecraft.dye":5,"stat.mineBlock.minecraft.oak_stairs":9,"stat.mineBlock.minecraft.planks":20,"stat.pickup.mod_lavacow.veil_shroom":1,"stat.drop":9,"stat.playOneMinute":284498,"stat.drop.minecraft.string":1,"stat.craftItem.minecraft.iron_pickaxe":3,"stat.pickup.minecraft.slime_ball":1,"stat.killEntity.Zombie":6,"stat.craftItem.minecraft.dye":6,"stat.mineBlock.minecraft.gold_ore":7,"stat.mineBlock.minecraft.tallgrass":73,"stat.craftItem.minecraft.cooked_mutton":4,"stat.diveOneCm":9434,"stat.pickup.minecraft.cooked_mutton":12,"stat.pickup.minecraft.wheat":26,"stat.killEntity.mod_lavacow.raven":1,"stat.chestOpened":56,"stat.useItem.minecraft.stone":6,"stat.pickup.minecraft.gravel":20,"stat.pickup.minecraft.iron_sword":1,"stat.useItem.minecraft.apple":29,"stat.mineBlock.mod_lavacow.veil_shroom":1,"stat.useItem.minecraft.rotten_flesh":6,"stat.jump":2565,"stat.pickup.minecraft.fence":4,"stat.pickup.minecraft.iron_helmet":1,"stat.pickup.minecraft.coal":136,"stat.fallOneCm":34207,"stat.pickup.minecraft.iron_ingot":8,"stat.pickup.minecraft.carrot":6,"stat.pickup.minecraft.gunpowder":3,"stat.crouchOneCm":100957,"stat.craftItem.minecraft.torch":4,"stat.craftItem.minecraft.chest":2,"stat.craftItem.minecraft.iron_ingot":48,"stat.useItem.mod_lavacow.mimic_claw_cooked":3,"stat.pickup.minecraft.dirt":1062,"stat.drop.minecraft.iron_shovel":2,"stat.pickup.minecraft.iron_ore":48,"stat.craftingTableInteraction":31,"stat.pickup.minecraft.gold_ore":7,"stat.useItem.minecraft.sapling":4,"stat.mineBlock.minecraft.lapis_ore":11,"stat.pickup.minecraft.iron_axe":2,"stat.damageTaken":2021,"stat.pickup.minecraft.leather":3,"stat.mineBlock.minecraft.torch":15,"stat.mineBlock.minecraft.sapling":1,"stat.pickup.minecraft.dye":62,"stat.pickup.minecraft.planks":100,"stat.pickup.minecraft.iron_leggings":1,"stat.pickup.minecraft.bed":1,"stat.craftItem.mod_lavacow.mimic_claw_cooked":2,"stat.pickup.conarm.book":1,"stat.pickup.minecraft.wheat_seeds":61,"stat.pickup.minecraft.oak_stairs":11,"stat.mineBlock.minecraft.gravel":21,"stat.damageDealt":2316,"stat.sleepInBed":9,"stat.craftItem.minecraft.oak_stairs":40,"stat.mineBlock.minecraft.dirt":1075,"stat.drop.minecraft.iron_axe":1,"stat.walkOneCm":552928,"stat.useItem.minecraft.torch":9,"stat.killEntity.primitivemobs.bewitched_tome":1,"stat.playerKills":1,"stat.pickup.minecraft.crafting_table":1,"stat.useItem.minecraft.log":129,"stat.useItem.minecraft.cobblestone":102,"stat.craftItem.minecraft.crafting_table":3,"stat.mineBlock.minecraft.double_plant":4,"stat.pickup.tconstruct.pickaxe":1,"stat.pickup.mod_lavacow.mimic_claw":2,"stat.drop.minecraft.birch_stairs":3,"stat.pickup.minecraft.log":636,"stat.pickup.mod_lavacow.feather_black":2,"stat.pickup.minecraft.iron_pickaxe":1,"stat.pickup.minecraft.stone":74,"stat.pickup.minecraft.sapling":265,"stat.pickup.minecraft.apple":30,"stat.craftItem.minecraft.bucket":1,"stat.craftItem.minecraft.planks":664,"stat.useItem.minecraft.iron_sword":36,"stat.killEntity.Spider":1,"stat.mobKills":14,"stat.mineBlock.minecraft.log":680,"stat.craftItem.minecraft.wooden_door":3,"stat.craftItem.minecraft.fence":36,"stat.useItem.carryon.entity_item":4,"stat.useItem.minecraft.wooden_door":1,"stat.mineBlock.minecraft.leaves":31,"stat.pickup.minecraft.torch":35,"stat.mineBlock.minecraft.redstone_ore":23,"stat.pickup.mod_lavacow.mimic_claw_cooked":3,"stat.sneakTime":32112,"stat.mineBlock.minecraft.stone":700}