{"stat.useItem.minecraft.iron_axe":68,"stat.leaveGame":8,"stat.mineBlock.minecraft.cobblestone":1,"stat.pickup.minecraft.flint":1,"stat.swimOneCm":437,"stat.pickup.minecraft.enchanted_book":1,"stat.useItem.minecraft.planks":34,"stat.useItem.minecraft.dirt":214,"stat.pickup.zoocraftdiscoveries.seed_basil":1,"stat.useItem.minecraft.stone_slab2":19,"stat.pickup.minecraft.iron_boots":1,"stat.pickup.minecraft.cobblestone":315,"stat.flyOneCm":88986,"stat.craftItem.minecraft.iron_shovel":1,"stat.pickup.minecraft.redstone":53,"stat.mineBlock.minecraft.iron_ore":33,"stat.timeSinceDeath":74924,"stat.useItem.minecraft.iron_pickaxe":479,"stat.useItem.minecraft.iron_shovel":260,"stat.drop.zoocraftdiscoveries.seed_basil":1,"stat.useItem.minecraft.oak_stairs":3,"stat.furnaceInteraction":2,"stat.drop.minecraft.dirt":1,"stat.pickup.minecraft.iron_shovel":2,"stat.pickup.minecraft.trapdoor":12,"stat.mineBlock.minecraft.coal_ore":68,"stat.mineBlock.minecraft.birch_stairs":6,"stat.killEntity.mod_lavacow.mimic":1,"stat.useItem.minecraft.cooked_mutton":8,"stat.pickup.minecraft.birch_stairs":3,"stat.sprintOneCm":150585,"stat.pickup.minecraft.iron_chestplate":1,"stat.useItem.minecraft.fence":35,"stat.drop.zoocraftdiscoveries.seed_dill":1,"stat.craftItem.minecraft.stick":56,"stat.useItem.mod_lavacow.tooth_dagger":2,"stat.pickup.mod_lavacow.tooth_dagger":1,"stat.mineBlock.minecraft.fence":3,"stat.craftItem.minecraft.fence_gate":2,"stat.mineBlock.minecraft.crafting_table":1,"stat.mineBlock.minecraft.oak_stairs":2,"stat.mineBlock.minecraft.planks":3,"stat.drop":6,"stat.playOneMinute":74924,"stat.craftItem.minecraft.iron_pickaxe":1,"stat.killEntity.Zombie":1,"stat.mineBlock.minecraft.gold_ore":7,"stat.mineBlock.minecraft.tallgrass":7,"stat.pickup.minecraft.cooked_mutton":12,"stat.chestOpened":23,"stat.useItem.minecraft.stone":6,"stat.pickup.minecraft.gravel":20,"stat.pickup.minecraft.iron_sword":1,"stat.useItem.minecraft.apple":7,"stat.jump":740,"stat.pickup.minecraft.fence":3,"stat.pickup.minecraft.iron_helmet":1,"stat.pickup.minecraft.coal":66,"stat.fallOneCm":11679,"stat.pickup.minecraft.iron_ingot":8,"stat.crouchOneCm":20151,"stat.craftItem.minecraft.torch":4,"stat.pickup.minecraft.dirt":244,"stat.drop.minecraft.iron_shovel":2,"stat.pickup.minecraft.iron_ore":31,"stat.craftingTableInteraction":7,"stat.pickup.minecraft.gold_ore":7,"stat.pickup.minecraft.iron_axe":1,"stat.damageTaken":629,"stat.mineBlock.minecraft.torch":10,"stat.pickup.minecraft.planks":3,"stat.pickup.minecraft.iron_leggings":1,"stat.pickup.minecraft.oak_stairs":2,"stat.mineBlock.minecraft.gravel":21,"stat.damageDealt":664,"stat.sleepInBed":2,"stat.craftItem.minecraft.oak_stairs":4,"stat.mineBlock.minecraft.dirt":245,"stat.walkOneCm":144023,"stat.useItem.minecraft.torch":9,"stat.killEntity.primitivemobs.bewitched_tome":1,"stat.pickup.minecraft.crafting_table":1,"stat.useItem.minecraft.log":124,"stat.useItem.minecraft.cobblestone":14,"stat.craftItem.minecraft.crafting_table":1,"stat.mineBlock.minecraft.double_plant":3,"stat.pickup.zoocraftdiscoveries.seed_lemongrass":1,"stat.pickup.zoocraftdiscoveries.seed_dill":1,"stat.pickup.mod_lavacow.mimic_claw":2,"stat.drop.minecraft.birch_stairs":3,"stat.pickup.minecraft.log":222,"stat.pickup.minecraft.iron_pickaxe":1,"stat.pickup.minecraft.stone":42,"stat.pickup.minecraft.sapling":76,"stat.pickup.minecraft.apple":7,"stat.craftItem.minecraft.planks":180,"stat.useItem.minecraft.iron_sword":14,"stat.mobKills":3,"stat.mineBlock.minecraft.log":256,"stat.craftItem.minecraft.fence":36,"stat.mineBlock.minecraft.leaves":11,"stat.pickup.minecraft.torch":21,"stat.mineBlock.minecraft.redstone_ore":12,"stat.sneakTime":6459,"stat.mineBlock.minecraft.stone":352}