{"stat.leaveGame":16,"stat.mineBlock.ebwizardry.crystal_flower":2,"stat.useItem.mod_lavacow.parasite_item":1,"stat.craftItem.minecraft.iron_axe":4,"stat.pickup.mutantbeasts.mutant_skeleton_pelvis":1,"stat.pickup.mod_lavacow.cursed_fabric":3,"stat.drop.zoocraftdiscoveries.seed_thyme":1,"stat.pickup.minecraft.fishing_rod":1,"stat.useItem.minecraft.planks":3,"stat.pickup.minecraft.glass":6,"stat.drop.ebwizardry.magic_crystal":2,"stat.pickup.tconstruct.slimesling":1,"stat.drop.minecraft.iron_sword":1,"stat.killEntity.primitivemobs.skeleton_warrior":3,"stat.mineBlock.minecraft.stone_brick_stairs":1,"stat.pickup.minecraft.rotten_flesh":29,"stat.pickup.minecraft.sand":61,"stat.pickup.mod_lavacow.parasite_item":2,"stat.craftItem.minecraft.stone_axe":6,"stat.killEntity.primitivemobs.festive_creeper":1,"stat.entityKilledBy.primitivemobs.skeleton_warrior":4,"stat.pickup.minecraft.name_tag":1,"stat.useItem.tconstruct.throwball":1,"stat.pickup.minecraft.wooden_hoe":1,"stat.craftItem.minecraft.stone_sword":2,"stat.craftItem.minecraft.iron_shovel":5,"stat.craftItem.mod_lavacow.swinearmor_boots":2,"stat.pickup.zoocraftdiscoveries.seed_oregano":1,"stat.mineBlock.minecraft.sand":59,"stat.pickup.zoocraftdiscoveries.seed_chive":3,"stat.craftItem.minecraft.wooden_hoe":2,"stat.craftItem.minecraft.cooked_fish":1,"stat.craftItem.spartanshields.shield_basic_wood":1,"stat.pickup.zoocraftdiscoveries.gemsbok_leather":1,"stat.useItem.zoocraftdiscoveries.frogspawn":6,"stat.useItem.minecraft.iron_pickaxe":247,"stat.pickup.mod_lavacow.intestine":1,"stat.craftItem.minecraft.wooden_pickaxe":3,"stat.useItem.minecraft.iron_shovel":518,"stat.drop.minecraft.cooked_mutton":11,"stat.pickup.minecraft.double_plant":4,"stat.craftItem.minecraft.birch_door":6,"stat.craftItem.minecraft.bed":8,"stat.drop.zoocraftdiscoveries.herb_basil":2,"stat.craftItem.spartanweaponry.boomerang_iron":2,"stat.furnaceInteraction":82,"stat.craftItem.spartanweaponry.material":4,"stat.mineBlock.chisel.andesite1":5,"stat.killEntity.zoocraftdiscoveries.gemsbok":1,"stat.killEntity.ZombieVillager":1,"stat.killEntity.mod_lavacow.mimic":1,"stat.pickup.chisel.andesite1":5,"stat.pickup.minecraft.beef":5,"stat.useItem.minecraft.cooked_mutton":14,"stat.pickup.minecraft.furnace":10,"stat.craftItem.travelersbackpack.travelers_backpack":2,"stat.pickup.minecraft.leather_helmet":1,"stat.useItem.minecraft.trapdoor":12,"stat.useItem.mod_lavacow.tooth_dagger":14,"stat.pickup.mod_lavacow.tooth_dagger":2,"stat.mineBlock.minecraft.fence":16,"stat.craftItem.ebwizardry.magic_wand":2,"stat.useItem.minecraft.wheat_seeds":8,"stat.useItem.minecraft.dye":2,"stat.pickup.mod_lavacow.pigboarhide":4,"stat.deaths":22,"stat.playOneMinute":442699,"stat.pickup.minecraft.birch_door":2,"stat.craftItem.minecraft.iron_pickaxe":2,"stat.useItem.chisel.planks-oak":93,"stat.mineBlock.minecraft.tallgrass":119,"stat.craftItem.minecraft.cooked_mutton":11,"stat.fishCaught":4,"stat.pickup.minecraft.cooked_mutton":13,"stat.chestOpened":162,"stat.drop.mod_lavacow.tooth_dagger":1,"stat.useItem.primitivemobs.goblin_mace":7,"stat.useItem.minecraft.stone":6,"stat.useItem.spartanweaponry.boomerang_iron":3,"stat.pickup.minecraft.arrow":6,"stat.pickup.minecraft.iron_sword":2,"stat.mineBlock.treasure2.crate_chest":3,"stat.craftItem.minecraft.coal":58,"stat.pickup.zoocraftdiscoveries.seed_mint":2,"stat.craftItem.minecraft.iron_nugget":90,"stat.fallOneCm":35181,"stat.pickup.minecraft.melon_seeds":3,"stat.pickup.mutantbeasts.mutant_skeleton_skull":1,"stat.crouchOneCm":3259,"stat.mineBlock.minecraft.chest":2,"stat.drop.minecraft.gold_ore":1,"stat.craftItem.minecraft.iron_ingot":11,"stat.craftItem.minecraft.chest":9,"stat.pickup.minecraft.melon":4,"stat.craftingTableInteraction":1,"stat.craftItem.spartanweaponry.scythe_iron":2,"stat.craftItem.treasure2.treasure_tool":2,"stat.pickup.primitivemobs.goblin_mace":2,"stat.craftItem.tconstruct.pattern":8,"stat.pickup.minecraft.wooden_pickaxe":1,"stat.drop.zoocraftdiscoveries.seed_sage":1,"stat.useItem.minecraft.furnace":5,"stat.useItem.chisel.andesite1":6,"stat.pickup.minecraft.dye":27,"stat.pickup.minecraft.planks":2,"stat.pickup.minecraft.iron_leggings":1,"stat.pickup.chisel.cobblestone":22,"stat.pickup.minecraft.wheat_seeds":25,"stat.mineBlock.minecraft.gravel":35,"stat.useItem.minecraft.stone_pickaxe":520,"stat.craftItem.tconstruct.slime_congealed":6,"stat.useItem.minecraft.stone_sword":59,"stat.craftItem.minecraft.iron_leggings":2,"stat.craftItem.ebwizardry.wizard_handbook":2,"stat.pickup.mod_lavacow.plagued_porkchop":3,"stat.mineBlock.minecraft.dirt":1439,"stat.killEntity.primitivemobs.baby_spider":8,"stat.drop.treasure2.treasure_tool":1,"stat.useItem.minecraft.torch":94,"stat.useItem.minecraft.bread":4,"stat.killEntity.primitivemobs.bewitched_tome":3,"stat.useItem.minecraft.log":40,"stat.useItem.minecraft.cobblestone":31,"stat.craftItem.minecraft.crafting_table":4,"stat.mineBlock.minecraft.double_plant":7,"stat.pickup.zoocraftdiscoveries.seed_dill":1,"stat.killEntity.zoocraftdiscoveries.frog":4,"stat.pickup.tconstruct.throwball":1,"stat.pickup.minecraft.log":243,"stat.useItem.minecraft.cooked_fish":1,"stat.pickup.minecraft.iron_pickaxe":2,"stat.craftItem.minecraft.gold_ingot":3,"stat.craftItem.chisel.chisel_iron":1,"stat.pickup.minecraft.sapling":216,"stat.craftItem.treasure2.thiefs_lock_pick":11,"stat.pickup.minecraft.apple":15,"stat.useItem.minecraft.birch_door":4,"stat.craftItem.minecraft.planks":332,"stat.useItem.minecraft.iron_sword":140,"stat.pickup.minecraft.stone_sword":2,"stat.craftItem.minecraft.fishing_rod":2,"stat.pickup.minecraft.book":1,"stat.mineBlock.minecraft.log":278,"stat.useItem.carryon.entity_item":19,"stat.useItem.minecraft.stone_hoe":1,"stat.craftItem.mutantbeasts.mutant_skeleton_boots":2,"stat.pickup.minecraft.red_flower":11,"stat.pickup.mutantbeasts.mutant_skeleton_limb":3,"stat.sneakTime":2471,"stat.pickup.minecraft.wool":25,"stat.useItem.minecraft.wooden_axe":24,"stat.pickup.minecraft.stone_slab":3,"stat.pickup.minecraft.yellow_flower":3,"stat.useItem.minecraft.fishing_rod":27,"stat.pickup.minecraft.chest":3,"stat.pickup.zoocraftdiscoveries.seed_bay":2,"stat.drop.minecraft.stone_pickaxe":1,"stat.pickup.minecraft.bone":11,"stat.useItem.minecraft.iron_axe":188,"stat.mineBlock.minecraft.cobblestone":8,"stat.pickup.chisel.planks-oak":184,"stat.pickup.minecraft.stone_pickaxe":1,"stat.pickup.minecraft.flint":3,"stat.mineBlock.minecraft.yellow_flower":3,"stat.craftItem.minecraft.stone_brick_stairs":4,"stat.drop.zoocraftdiscoveries.seed_mint":1,"stat.craftItem.minecraft.wool":6,"stat.craftItem.tconstruct.slimesling":2,"stat.swimOneCm":69585,"stat.pickup.zoocraftdiscoveries.frogspawn":9,"stat.pickup.minecraft.enchanted_book":2,"stat.climbOneCm":520,"stat.useItem.minecraft.dirt":1531,"stat.pickup.minecraft.golden_helmet":1,"stat.useItem.minecraft.stone_slab2":429,"stat.killEntity.primitivemobs.mother_spider":1,"stat.mineBlock.chisel.cobblestone":22,"stat.craftItem.minecraft.furnace":2,"stat.craftItem.minecraft.iron_boots":1,"stat.drop.zoocraftdiscoveries.seed_saffron":2,"stat.craftItem.minecraft.trapdoor":14,"stat.useItem.minecraft.golden_pickaxe":32,"stat.craftItem.minecraft.stone_pickaxe":10,"stat.craftItem.minecraft.cooked_beef":6,"stat.pickup.minecraft.cobblestone":644,"stat.pickup.mutantbeasts.mutant_skeleton_rib":6,"stat.mineBlock.minecraft.clay":6,"stat.useItem.minecraft.stone_shovel":830,"stat.flyOneCm":609914,"stat.drop.minecraft.iron_helmet":1,"stat.useItem.chisel.cobblestone":25,"stat.pickup.minecraft.fish":4,"stat.craftItem.minecraft.wooden_slab":12,"stat.useItem.minecraft.cooked_beef":5,"stat.pickup.minecraft.golden_pickaxe":1,"stat.pickup.minecraft.redstone":4,"stat.mineBlock.minecraft.iron_ore":60,"stat.timeSinceDeath":74321,"stat.useItem.minecraft.sign":1,"stat.pickup.minecraft.mutton":30,"stat.craftItem.ebwizardry.magic_crystal":4,"stat.killEntity.mod_lavacow.parasite":8,"stat.craftItem.minecraft.stonebrick":32,"stat.pickup.travelersbackpack.travelers_backpack":2,"stat.pickup.minecraft.wooden_axe":1,"stat.drop.mod_lavacow.glowshroom":2,"stat.pickup.minecraft.stonebrick":33,"stat.pickup.ebwizardry.magic_crystal":2,"stat.pickup.minecraft.iron_shovel":1,"stat.pickup.minecraft.trapdoor":1,"stat.mineBlock.minecraft.coal_ore":31,"stat.craftItem.minecraft.stone_hoe":2,"stat.pickup.minecraft.string":12,"stat.entityKilledBy.primitivemobs.baby_spider":3,"stat.craftItem.tconstruct.slime_boots":2,"stat.craftItem.minecraft.stone_slab2":0,"stat.craftItem.tconstruct.tooltables":10,"stat.sprintOneCm":283816,"stat.craftItem.minecraft.stick":168,"stat.craftItem.minecraft.wooden_axe":2,"stat.useItem.minecraft.stone_slab":5,"stat.useItem.carryon.tile_item":2,"stat.craftItem.minecraft.stone":89,"stat.craftItem.minecraft.gold_nugget":9,"stat.pickup.treasure2.crate_chest":4,"stat.pickup.zoocraftdiscoveries.seed_rosemary":1,"stat.pickup.minecraft.leather_leggings":1,"stat.entityKilledBy.Creeper":1,"stat.useItem.spartanweaponry.scythe_iron":51,"stat.mineBlock.minecraft.planks":2,"stat.drop":43,"stat.craftItem.spartanshields.shield_basic_stone":1,"stat.killEntity.Sheep":17,"stat.pickup.minecraft.slime_ball":3,"stat.pickup.zoocraftdiscoveries.seed_sage":2,"stat.killEntity.Zombie":17,"stat.craftItem.minecraft.dye":5,"stat.killEntity.primitivemobs.haunted_tool":5,"stat.mineBlock.minecraft.gold_ore":3,"stat.diveOneCm":24556,"stat.pickup.minecraft.wheat":11,"stat.pickup.tconstruct.tooltables":6,"stat.pickup.minecraft.sign":2,"stat.pickup.minecraft.gravel":40,"stat.pickup.minecraft.stone_axe":1,"stat.useItem.minecraft.apple":7,"stat.entityKilledBy.primitivemobs.bewitched_tome":3,"stat.killEntity.primitivemobs.support_creeper":1,"stat.useItem.minecraft.rotten_flesh":17,"stat.drop.minecraft.cooked_porkchop":7,"stat.pickup.minecraft.stone_brick_stairs":1,"stat.craftItem.travelersbackpack.backpack_tank":4,"stat.jump":3727,"stat.useItem.minecraft.sand":13,"stat.pickup.minecraft.fence":16,"stat.pickup.minecraft.coal":140,"stat.pickup.minecraft.iron_ingot":5,"stat.pickup.mutantbeasts.mutant_skeleton_arms":1,"stat.useItem.minecraft.stone_axe":69,"stat.pickup.minecraft.gunpowder":4,"stat.craftItem.minecraft.bread":2,"stat.pickup.minecraft.spider_eye":10,"stat.craftItem.minecraft.torch":68,"stat.entityKilledBy.primitivemobs.mother_spider":2,"stat.pickup.minecraft.dirt":1812,"stat.craftItem.minecraft.iron_helmet":3,"stat.drop.minecraft.iron_shovel":1,"stat.pickup.zoocraftdiscoveries.herb_basil":3,"stat.pickup.minecraft.iron_ore":51,"stat.pickup.mod_lavacow.glowshroom":2,"stat.useItem.minecraft.sapling":3,"stat.pickup.minecraft.gold_ore":4,"stat.mineBlock.minecraft.lapis_ore":4,"stat.mineBlock.tconstruct.tooltables":7,"stat.damageTaken":7686,"stat.pickup.minecraft.leather":7,"stat.useItem.minecraft.stone_brick_stairs":14,"stat.mineBlock.minecraft.torch":20,"stat.mineBlock.minecraft.furnace":10,"stat.mineBlock.minecraft.melon_block":1,"stat.mineBlock.minecraft.red_flower":8,"stat.useItem.minecraft.wooden_pickaxe":54,"stat.drop.zoocraftdiscoveries.seed_oregano":1,"stat.mineBlock.minecraft.sapling":3,"stat.pickup.ebwizardry.crystal_flower":2,"stat.drop.tconstruct.slimesling":1,"stat.pickup.zoocraftdiscoveries.seed_saffron":4,"stat.craftItem.mutantbeasts.mutant_skeleton_chestplate":2,"stat.pickup.minecraft.bed":22,"stat.entityKilledBy.Zombie":1,"stat.pickup.minecraft.rabbit_hide":1,"stat.drop.zoocraftdiscoveries.seed_coriander":1,"stat.damageDealt":12410,"stat.craftItem.minecraft.glass":26,"stat.sleepInBed":6,"stat.killEntity.Cow":3,"stat.craftItem.minecraft.stone_slab":6,"stat.craftItem.minecraft.stone_shovel":14,"stat.pickup.minecraft.boat":1,"stat.walkOneCm":1274039,"stat.animalsBred":1,"stat.useItem.minecraft.chest":3,"stat.playerKills":2,"stat.pickup.minecraft.stick":2,"stat.pickup.minecraft.clay_ball":24,"stat.pickup.zoocraftdiscoveries.seed_lemongrass":2,"stat.drop.treasure2.chipped_copper_short_sword":1,"stat.drop.zoocraftdiscoveries.seed_bay":2,"stat.useItem.minecraft.melon":4,"stat.pickup.minecraft.tnt":2,"stat.pickup.minecraft.stone":78,"stat.craftItem.minecraft.iron_chestplate":1,"stat.pickup.zoocraftdiscoveries.seed_coriander":3,"stat.killEntity.Skeleton":5,"stat.craftItem.travelersbackpack.sleeping_bag_bottom":2,"stat.craftItem.mutantbeasts.mutant_skeleton_rib_cage":2,"stat.pickup.mod_lavacow.sharptooth":2,"stat.mineBlock.minecraft.stonebrick":5,"stat.killEntity.Spider":2,"stat.pickup.zoocraftdiscoveries.seed_thyme":1,"stat.mobKills":86,"stat.useItem.treasure2.chipped_copper_short_sword":3,"stat.craftItem.minecraft.shears":1,"stat.killEntity.mod_lavacow.scarecrow":1,"stat.useItem.minecraft.golden_apple":1,"stat.killEntity.mod_lavacow.banshee":1,"stat.mineBlock.minecraft.leaves":76,"stat.pickup.minecraft.beetroot_seeds":6,"stat.entityKilledBy.mod_lavacow.parasite":1,"stat.pickup.minecraft.torch":34,"stat.entityKilledBy.primitivemobs.harpy":2,"stat.mineBlock.chisel.planks-oak":125,"stat.drop.minecraft.stone_axe":1,"stat.mineBlock.minecraft.stone":659}