{"stat.leaveGame":4,"stat.craftItem.minecraft.iron_axe":2,"stat.killEntity.primitivemobs.skeleton_warrior":1,"stat.pickup.minecraft.rotten_flesh":7,"stat.craftItem.minecraft.stone_axe":2,"stat.killEntity.primitivemobs.festive_creeper":1,"stat.entityKilledBy.primitivemobs.skeleton_warrior":2,"stat.pickup.minecraft.wooden_hoe":1,"stat.craftItem.minecraft.stone_sword":2,"stat.pickup.zoocraftdiscoveries.seed_oregano":1,"stat.craftItem.minecraft.wooden_hoe":2,"stat.craftItem.spartanshields.shield_basic_wood":1,"stat.useItem.minecraft.iron_pickaxe":58,"stat.pickup.mod_lavacow.intestine":1,"stat.craftItem.minecraft.wooden_pickaxe":3,"stat.drop.minecraft.cooked_mutton":11,"stat.craftItem.minecraft.bed":6,"stat.drop.zoocraftdiscoveries.herb_basil":2,"stat.furnaceInteraction":19,"stat.craftItem.spartanweaponry.material":4,"stat.mineBlock.chisel.andesite1":5,"stat.pickup.chisel.andesite1":5,"stat.useItem.minecraft.cooked_mutton":10,"stat.pickup.minecraft.furnace":1,"stat.pickup.minecraft.leather_helmet":1,"stat.useItem.mod_lavacow.tooth_dagger":14,"stat.pickup.mod_lavacow.tooth_dagger":2,"stat.useItem.minecraft.dye":2,"stat.pickup.mod_lavacow.pigboarhide":3,"stat.deaths":13,"stat.playOneMinute":109579,"stat.craftItem.minecraft.iron_pickaxe":2,"stat.useItem.chisel.planks-oak":31,"stat.mineBlock.minecraft.tallgrass":67,"stat.craftItem.minecraft.cooked_mutton":4,"stat.pickup.minecraft.cooked_mutton":13,"stat.chestOpened":36,"stat.drop.mod_lavacow.tooth_dagger":1,"stat.useItem.primitivemobs.goblin_mace":7,"stat.pickup.minecraft.arrow":4,"stat.pickup.minecraft.iron_sword":1,"stat.fallOneCm":16433,"stat.crouchOneCm":823,"stat.mineBlock.minecraft.chest":1,"stat.drop.minecraft.gold_ore":1,"stat.craftItem.minecraft.iron_ingot":7,"stat.craftItem.minecraft.chest":7,"stat.craftingTableInteraction":1,"stat.craftItem.spartanweaponry.scythe_iron":2,"stat.pickup.primitivemobs.goblin_mace":2,"stat.craftItem.tconstruct.pattern":8,"stat.pickup.minecraft.wooden_pickaxe":1,"stat.drop.zoocraftdiscoveries.seed_sage":1,"stat.useItem.chisel.andesite1":6,"stat.pickup.minecraft.dye":19,"stat.useItem.minecraft.stone_pickaxe":97,"stat.useItem.minecraft.stone_sword":35,"stat.pickup.mod_lavacow.plagued_porkchop":1,"stat.mineBlock.minecraft.dirt":177,"stat.killEntity.primitivemobs.baby_spider":2,"stat.useItem.minecraft.torch":15,"stat.killEntity.primitivemobs.bewitched_tome":3,"stat.useItem.minecraft.cobblestone":6,"stat.craftItem.minecraft.crafting_table":3,"stat.mineBlock.minecraft.double_plant":1,"stat.pickup.minecraft.log":133,"stat.craftItem.chisel.chisel_iron":1,"stat.pickup.minecraft.sapling":32,"stat.pickup.minecraft.apple":1,"stat.craftItem.minecraft.planks":208,"stat.useItem.minecraft.iron_sword":25,"stat.pickup.minecraft.stone_sword":1,"stat.pickup.minecraft.book":1,"stat.mineBlock.minecraft.log":151,"stat.useItem.carryon.entity_item":2,"stat.pickup.minecraft.red_flower":1,"stat.sneakTime":436,"stat.pickup.minecraft.wool":12,"stat.useItem.minecraft.wooden_axe":24,"stat.pickup.minecraft.chest":1,"stat.pickup.zoocraftdiscoveries.seed_bay":2,"stat.pickup.minecraft.bone":1,"stat.useItem.minecraft.iron_axe":15,"stat.mineBlock.minecraft.cobblestone":6,"stat.pickup.chisel.planks-oak":21,"stat.swimOneCm":36986,"stat.pickup.minecraft.enchanted_book":1,"stat.useItem.minecraft.dirt":111,"stat.useItem.minecraft.stone_slab2":39,"stat.craftItem.minecraft.furnace":2,"stat.craftItem.minecraft.iron_boots":1,"stat.drop.zoocraftdiscoveries.seed_saffron":2,"stat.craftItem.minecraft.stone_pickaxe":2,"stat.pickup.minecraft.cobblestone":92,"stat.useItem.minecraft.stone_shovel":133,"stat.flyOneCm":102897,"stat.drop.minecraft.iron_helmet":1,"stat.useItem.chisel.cobblestone":22,"stat.craftItem.minecraft.wooden_slab":12,"stat.mineBlock.minecraft.iron_ore":50,"stat.timeSinceDeath":140,"stat.pickup.minecraft.mutton":20,"stat.pickup.minecraft.wooden_axe":1,"stat.mineBlock.minecraft.coal_ore":29,"stat.pickup.minecraft.string":1,"stat.entityKilledBy.primitivemobs.baby_spider":3,"stat.craftItem.minecraft.stone_slab2":0,"stat.craftItem.tconstruct.tooltables":8,"stat.sprintOneCm":114129,"stat.craftItem.minecraft.stick":56,"stat.craftItem.minecraft.wooden_axe":2,"stat.pickup.zoocraftdiscoveries.seed_rosemary":1,"stat.entityKilledBy.Creeper":1,"stat.useItem.spartanweaponry.scythe_iron":13,"stat.drop":24,"stat.craftItem.spartanshields.shield_basic_stone":1,"stat.killEntity.Sheep":11,"stat.pickup.zoocraftdiscoveries.seed_sage":1,"stat.killEntity.Zombie":6,"stat.craftItem.minecraft.dye":3,"stat.killEntity.primitivemobs.haunted_tool":4,"stat.mineBlock.minecraft.gold_ore":3,"stat.diveOneCm":11748,"stat.pickup.tconstruct.tooltables":3,"stat.pickup.minecraft.stone_axe":1,"stat.useItem.minecraft.apple":1,"stat.entityKilledBy.primitivemobs.bewitched_tome":2,"stat.killEntity.primitivemobs.support_creeper":1,"stat.useItem.minecraft.rotten_flesh":3,"stat.jump":1162,"stat.pickup.minecraft.coal":55,"stat.useItem.minecraft.stone_axe":68,"stat.pickup.minecraft.gunpowder":4,"stat.pickup.minecraft.spider_eye":1,"stat.craftItem.minecraft.torch":36,"stat.entityKilledBy.primitivemobs.mother_spider":2,"stat.pickup.minecraft.dirt":268,"stat.craftItem.minecraft.iron_helmet":3,"stat.pickup.zoocraftdiscoveries.herb_basil":2,"stat.pickup.minecraft.iron_ore":47,"stat.useItem.minecraft.sapling":2,"stat.pickup.minecraft.gold_ore":4,"stat.mineBlock.minecraft.lapis_ore":4,"stat.mineBlock.tconstruct.tooltables":3,"stat.damageTaken":4132,"stat.mineBlock.minecraft.torch":2,"stat.mineBlock.minecraft.furnace":1,"stat.useItem.minecraft.wooden_pickaxe":54,"stat.drop.zoocraftdiscoveries.seed_oregano":1,"stat.mineBlock.minecraft.sapling":3,"stat.pickup.zoocraftdiscoveries.seed_saffron":4,"stat.pickup.minecraft.bed":4,"stat.entityKilledBy.Zombie":1,"stat.drop.zoocraftdiscoveries.seed_coriander":1,"stat.damageDealt":5173,"stat.sleepInBed":3,"stat.craftItem.minecraft.stone_shovel":2,"stat.walkOneCm":337184,"stat.useItem.minecraft.chest":3,"stat.drop.zoocraftdiscoveries.seed_bay":2,"stat.pickup.minecraft.stone":7,"stat.craftItem.minecraft.iron_chestplate":1,"stat.pickup.zoocraftdiscoveries.seed_coriander":2,"stat.killEntity.Skeleton":2,"stat.pickup.mod_lavacow.sharptooth":2,"stat.killEntity.Spider":2,"stat.mobKills":34,"stat.mineBlock.minecraft.leaves":35,"stat.entityKilledBy.mod_lavacow.parasite":1,"stat.pickup.minecraft.torch":6,"stat.mineBlock.chisel.planks-oak":21,"stat.drop.minecraft.stone_axe":1,"stat.mineBlock.minecraft.stone":100}