{"stat.leaveGame":23,"stat.pickup.mutantbeasts.mutant_skeleton_pelvis":2,"stat.drop.zoocraftdiscoveries.seed_thyme":1,"stat.drop.minecraft.iron_sword":1,"stat.killEntity.primitivemobs.skeleton_warrior":3,"stat.pickup.minecraft.rotten_flesh":32,"stat.pickup.mod_lavacow.parasite_item":2,"stat.craftItem.minecraft.stone_axe":6,"stat.useItem.tconstruct.throwball":1,"stat.craftItem.minecraft.iron_shovel":5,"stat.pickup.zoocraftdiscoveries.gemsbok_leather":1,"stat.useItem.zoocraftdiscoveries.frogspawn":6,"stat.useItem.minecraft.iron_pickaxe":466,"stat.pickup.mod_lavacow.intestine":1,"stat.craftItem.minecraft.wooden_pickaxe":3,"stat.useItem.minecraft.iron_shovel":518,"stat.drop.minecraft.cooked_mutton":11,"stat.pickup.minecraft.double_plant":4,"stat.craftItem.minecraft.bed":8,"stat.craftItem.spartanweaponry.boomerang_iron":2,"stat.furnaceInteraction":108,"stat.craftItem.spartanweaponry.material":4,"stat.killEntity.ZombieVillager":1,"stat.killEntity.mod_lavacow.mimic":2,"stat.pickup.minecraft.beef":5,"stat.pickup.minecraft.leather_helmet":1,"stat.useItem.minecraft.trapdoor":12,"stat.useItem.mod_lavacow.tooth_dagger":14,"stat.mineBlock.minecraft.fence":16,"stat.craftItem.ebwizardry.magic_wand":2,"stat.useItem.minecraft.wheat_seeds":8,"stat.useItem.minecraft.dye":10,"stat.deaths":29,"stat.craftItem.minecraft.iron_pickaxe":4,"stat.useItem.chisel.planks-oak":93,"stat.craftItem.mutantbeasts.mutant_skeleton_arms":2,"stat.mineBlock.minecraft.tallgrass":125,"stat.craftItem.minecraft.cooked_mutton":12,"stat.fishCaught":4,"stat.pickup.minecraft.cooked_mutton":28,"stat.chestOpened":205,"stat.useItem.primitivemobs.goblin_mace":7,"stat.useItem.minecraft.stone":6,"stat.useItem.spartanweaponry.boomerang_iron":9,"stat.pickup.minecraft.arrow":6,"stat.pickup.minecraft.iron_sword":2,"stat.craftItem.minecraft.coal":137,"stat.pickup.zoocraftdiscoveries.seed_mint":2,"stat.pickup.mutantbeasts.mutant_skeleton_shoulder_pad":3,"stat.pickup.minecraft.carrot":1,"stat.pickup.mutantbeasts.mutant_skeleton_skull":1,"stat.crouchOneCm":3372,"stat.mineBlock.minecraft.chest":2,"stat.craftItem.minecraft.iron_ingot":32,"stat.craftingTableInteraction":1,"stat.craftItem.spartanweaponry.scythe_iron":2,"stat.craftItem.tconstruct.pattern":24,"stat.pickup.minecraft.wooden_pickaxe":1,"stat.pickup.treasure2.iron_ring":2,"stat.drop.zoocraftdiscoveries.seed_sage":1,"stat.useItem.chisel.andesite1":6,"stat.pickup.minecraft.dye":27,"stat.pickup.minecraft.planks":2,"stat.pickup.chisel.cobblestone":22,"stat.pickup.minecraft.wheat_seeds":48,"stat.craftItem.tconstruct.slime_congealed":6,"stat.craftItem.ebwizardry.wizard_handbook":2,"stat.pickup.mod_lavacow.plagued_porkchop":3,"stat.mineBlock.minecraft.dirt":1477,"stat.useItem.minecraft.bread":9,"stat.killEntity.primitivemobs.bewitched_tome":3,"stat.useItem.minecraft.cobblestone":86,"stat.mineBlock.minecraft.double_plant":7,"stat.pickup.zoocraftdiscoveries.seed_dill":1,"stat.pickup.tconstruct.throwball":1,"stat.pickup.minecraft.iron_pickaxe":2,"stat.useItem.tconstruct.pickaxe":16,"stat.craftItem.minecraft.gold_ingot":14,"stat.craftItem.chisel.chisel_iron":1,"stat.pickup.minecraft.apple":15,"stat.craftItem.minecraft.planks":360,"stat.useItem.minecraft.iron_sword":140,"stat.pickup.minecraft.stone_sword":2,"stat.craftItem.minecraft.fishing_rod":2,"stat.pickup.minecraft.book":1,"stat.mineBlock.minecraft.log":278,"stat.useItem.carryon.entity_item":20,"stat.craftItem.mutantbeasts.mutant_skeleton_leggings":2,"stat.pickup.minecraft.red_flower":11,"stat.pickup.mutantbeasts.mutant_skeleton_limb":14,"stat.pickup.minecraft.wool":25,"stat.useItem.minecraft.wooden_axe":24,"stat.pickup.zoocraftdiscoveries.seed_bay":2,"stat.useItem.minecraft.iron_axe":188,"stat.mineBlock.minecraft.cobblestone":10,"stat.pickup.minecraft.stone_pickaxe":1,"stat.pickup.minecraft.flint":5,"stat.mineBlock.minecraft.yellow_flower":3,"stat.craftItem.minecraft.wool":6,"stat.pickup.minecraft.enchanted_book":2,"stat.useItem.minecraft.stone_slab2":442,"stat.mineBlock.chisel.cobblestone":22,"stat.pickup.minecraft.stone_hoe":1,"stat.craftItem.minecraft.furnace":2,"stat.craftItem.minecraft.iron_boots":1,"stat.craftItem.minecraft.cooked_beef":6,"stat.pickup.mutantbeasts.mutant_skeleton_rib":13,"stat.mineBlock.minecraft.clay":6,"stat.flyOneCm":706677,"stat.drop.minecraft.iron_helmet":1,"stat.pickup.minecraft.fish":4,"stat.timeSinceDeath":4571,"stat.craftItem.ebwizardry.magic_crystal":4,"stat.killEntity.mod_lavacow.parasite":8,"stat.craftItem.minecraft.stonebrick":32,"stat.pickup.travelersbackpack.travelers_backpack":5,"stat.mineBlock.minecraft.coal_ore":42,"stat.craftItem.minecraft.stone_hoe":2,"stat.pickup.minecraft.string":12,"stat.pickup.minecraft.birch_stairs":1,"stat.craftItem.tconstruct.tooltables":10,"stat.sprintOneCm":309387,"stat.craftItem.minecraft.wooden_axe":2,"stat.useItem.carryon.tile_item":2,"stat.pickup.zoocraftdiscoveries.seed_rosemary":1,"stat.pickup.minecraft.leather_leggings":1,"stat.killEntity.Zombie":19,"stat.craftItem.minecraft.dye":5,"stat.mineBlock.minecraft.gold_ore":14,"stat.diveOneCm":32203,"stat.pickup.minecraft.wheat":11,"stat.pickup.tconstruct.tooltables":6,"stat.pickup.minecraft.sign":2,"stat.pickup.minecraft.stone_axe":1,"stat.useItem.minecraft.rotten_flesh":18,"stat.drop.minecraft.apple":4,"stat.jump":4341,"stat.useItem.minecraft.sand":13,"stat.pickup.minecraft.coal":223,"stat.pickup.minecraft.iron_ingot":5,"stat.pickup.minecraft.gunpowder":6,"stat.craftItem.minecraft.torch":112,"stat.pickup.minecraft.dirt":2013,"stat.drop.minecraft.iron_shovel":1,"stat.useItem.minecraft.sapling":3,"stat.pickup.minecraft.gold_ore":15,"stat.mineBlock.minecraft.lapis_ore":4,"stat.damageTaken":10414,"stat.useItem.minecraft.stone_brick_stairs":23,"stat.mineBlock.minecraft.torch":32,"stat.mineBlock.minecraft.melon_block":1,"stat.mineBlock.minecraft.red_flower":8,"stat.drop.zoocraftdiscoveries.seed_oregano":1,"stat.mineBlock.minecraft.sapling":3,"stat.pickup.ebwizardry.crystal_flower":2,"stat.drop.tconstruct.slimesling":1,"stat.pickup.zoocraftdiscoveries.seed_saffron":4,"stat.craftItem.mutantbeasts.mutant_skeleton_chestplate":4,"stat.pickup.minecraft.bed":22,"stat.entityKilledBy.Zombie":1,"stat.pickup.minecraft.rabbit_hide":1,"stat.craftItem.minecraft.stone_slab":6,"stat.animalsBred":3,"stat.useItem.minecraft.chest":6,"stat.useItem.minecraft.melon":4,"stat.craftItem.minecraft.iron_chestplate":1,"stat.craftItem.travelersbackpack.sleeping_bag_bottom":2,"stat.craftItem.mutantbeasts.mutant_skeleton_rib_cage":4,"stat.mineBlock.minecraft.stonebrick":5,"stat.pickup.zoocraftdiscoveries.seed_thyme":1,"stat.mobKills":91,"stat.useItem.treasure2.chipped_copper_short_sword":3,"stat.craftItem.minecraft.shears":1,"stat.pickup.minecraft.beetroot_seeds":11,"stat.pickup.minecraft.torch":47,"stat.drop.minecraft.stone_axe":1,"stat.pickup.blocklings.blockling":2,"stat.mineBlock.ebwizardry.crystal_flower":2,"stat.useItem.mod_lavacow.parasite_item":1,"stat.craftItem.minecraft.iron_axe":4,"stat.killEntity.mutantbeasts.mutant_skeleton":1,"stat.pickup.mod_lavacow.cursed_fabric":3,"stat.pickup.minecraft.fishing_rod":1,"stat.useItem.minecraft.planks":3,"stat.pickup.minecraft.glass":6,"stat.drop.ebwizardry.magic_crystal":2,"stat.pickup.tconstruct.slimesling":1,"stat.mineBlock.minecraft.stone_brick_stairs":2,"stat.pickup.minecraft.sand":61,"stat.killEntity.primitivemobs.festive_creeper":1,"stat.entityKilledBy.primitivemobs.skeleton_warrior":4,"stat.pickup.minecraft.name_tag":1,"stat.pickup.minecraft.wooden_hoe":1,"stat.craftItem.minecraft.stone_sword":2,"stat.craftItem.mod_lavacow.swinearmor_boots":2,"stat.pickup.zoocraftdiscoveries.seed_oregano":1,"stat.mineBlock.minecraft.sand":59,"stat.pickup.zoocraftdiscoveries.seed_chive":3,"stat.craftItem.minecraft.wooden_hoe":2,"stat.craftItem.minecraft.cooked_fish":1,"stat.craftItem.spartanshields.shield_basic_wood":1,"stat.craftItem.minecraft.birch_door":6,"stat.drop.zoocraftdiscoveries.herb_basil":2,"stat.mineBlock.chisel.andesite1":5,"stat.killEntity.zoocraftdiscoveries.gemsbok":1,"stat.pickup.chisel.andesite1":5,"stat.useItem.minecraft.cooked_mutton":18,"stat.pickup.minecraft.furnace":13,"stat.craftItem.travelersbackpack.travelers_backpack":2,"stat.entityKilledBy.mutantbeasts.mutant_skeleton":4,"stat.pickup.mod_lavacow.tooth_dagger":2,"stat.pickup.mod_lavacow.pigboarhide":4,"stat.playOneMinute":511121,"stat.pickup.minecraft.birch_door":2,"stat.drop.mod_lavacow.tooth_dagger":1,"stat.mineBlock.treasure2.crate_chest":3,"stat.craftItem.minecraft.iron_nugget":90,"stat.fallOneCm":38475,"stat.pickup.minecraft.melon_seeds":3,"stat.drop.minecraft.gold_ore":1,"stat.craftItem.minecraft.chest":11,"stat.pickup.minecraft.melon":4,"stat.craftItem.treasure2.treasure_tool":2,"stat.pickup.primitivemobs.goblin_mace":2,"stat.useItem.minecraft.furnace":6,"stat.pickup.minecraft.iron_leggings":1,"stat.mineBlock.minecraft.gravel":59,"stat.useItem.minecraft.stone_pickaxe":563,"stat.useItem.minecraft.stone_sword":65,"stat.craftItem.minecraft.iron_leggings":2,"stat.killEntity.primitivemobs.baby_spider":8,"stat.drop.treasure2.treasure_tool":1,"stat.useItem.minecraft.torch":108,"stat.useItem.minecraft.log":40,"stat.craftItem.minecraft.crafting_table":4,"stat.killEntity.zoocraftdiscoveries.frog":4,"stat.pickup.minecraft.log":421,"stat.useItem.minecraft.cooked_fish":1,"stat.pickup.minecraft.sapling":216,"stat.craftItem.treasure2.thiefs_lock_pick":11,"stat.useItem.minecraft.birch_door":4,"stat.pickup.minecraft.beetroot":3,"stat.useItem.minecraft.stone_hoe":1,"stat.craftItem.mutantbeasts.mutant_skeleton_boots":4,"stat.pickup.tconstruct.slime_boots":1,"stat.sneakTime":2741,"stat.pickup.minecraft.stone_slab":49,"stat.pickup.minecraft.yellow_flower":3,"stat.useItem.minecraft.fishing_rod":27,"stat.pickup.minecraft.chest":3,"stat.drop.minecraft.stone_pickaxe":1,"stat.pickup.minecraft.bone":13,"stat.pickup.chisel.planks-oak":184,"stat.craftItem.minecraft.stone_brick_stairs":96,"stat.drop.zoocraftdiscoveries.seed_mint":1,"stat.craftItem.tconstruct.slimesling":2,"stat.swimOneCm":77605,"stat.pickup.zoocraftdiscoveries.frogspawn":9,"stat.climbOneCm":520,"stat.useItem.minecraft.dirt":1794,"stat.pickup.minecraft.golden_helmet":1,"stat.killEntity.blockling":1,"stat.killEntity.primitivemobs.mother_spider":1,"stat.pickup.spartanweaponry.scythe_iron":1,"stat.drop.zoocraftdiscoveries.seed_saffron":2,"stat.craftItem.minecraft.trapdoor":14,"stat.useItem.minecraft.golden_pickaxe":32,"stat.craftItem.minecraft.stone_pickaxe":10,"stat.pickup.minecraft.cobblestone":1362,"stat.useItem.minecraft.stone_shovel":830,"stat.useItem.chisel.cobblestone":25,"stat.craftItem.minecraft.wooden_slab":12,"stat.useItem.minecraft.cooked_beef":5,"stat.pickup.minecraft.golden_pickaxe":1,"stat.pickup.minecraft.redstone":4,"stat.mineBlock.minecraft.iron_ore":71,"stat.useItem.minecraft.sign":1,"stat.pickup.minecraft.mutton":30,"stat.pickup.minecraft.wooden_axe":1,"stat.drop.mod_lavacow.glowshroom":2,"stat.pickup.minecraft.stonebrick":56,"stat.drop.minecraft.dirt":1,"stat.pickup.ebwizardry.magic_crystal":2,"stat.pickup.minecraft.iron_shovel":1,"stat.pickup.minecraft.trapdoor":1,"stat.entityKilledBy.primitivemobs.baby_spider":3,"stat.craftItem.tconstruct.slime_boots":2,"stat.craftItem.minecraft.stone_slab2":0,"stat.craftItem.minecraft.stick":232,"stat.useItem.minecraft.stone_slab":5,"stat.pickup.treasure2.charm_book":2,"stat.craftItem.minecraft.stone":147,"stat.craftItem.minecraft.gold_nugget":9,"stat.pickup.treasure2.crate_chest":4,"stat.entityKilledBy.Creeper":3,"stat.useItem.spartanweaponry.scythe_iron":93,"stat.mineBlock.minecraft.planks":2,"stat.drop":49,"stat.craftItem.spartanshields.shield_basic_stone":1,"stat.killEntity.Sheep":17,"stat.pickup.minecraft.slime_ball":3,"stat.pickup.zoocraftdiscoveries.seed_sage":2,"stat.killEntity.primitivemobs.haunted_tool":5,"stat.pickup.minecraft.gravel":81,"stat.useItem.minecraft.apple":11,"stat.entityKilledBy.primitivemobs.bewitched_tome":3,"stat.killEntity.primitivemobs.support_creeper":1,"stat.drop.minecraft.cooked_porkchop":7,"stat.pickup.minecraft.stone_brick_stairs":86,"stat.craftItem.travelersbackpack.backpack_tank":4,"stat.pickup.minecraft.fence":16,"stat.pickup.mutantbeasts.mutant_skeleton_arms":1,"stat.useItem.minecraft.stone_axe":69,"stat.craftItem.minecraft.bread":9,"stat.pickup.minecraft.spider_eye":10,"stat.entityKilledBy.primitivemobs.mother_spider":2,"stat.craftItem.minecraft.iron_helmet":3,"stat.pickup.zoocraftdiscoveries.herb_basil":3,"stat.pickup.minecraft.iron_ore":68,"stat.pickup.mod_lavacow.glowshroom":2,"stat.mineBlock.tconstruct.tooltables":7,"stat.pickup.minecraft.leather":7,"stat.mineBlock.minecraft.furnace":10,"stat.useItem.minecraft.wooden_pickaxe":54,"stat.drop.mutantbeasts.mutant_skeleton_shoulder_pad":1,"stat.drop.zoocraftdiscoveries.seed_coriander":1,"stat.damageDealt":14879,"stat.craftItem.minecraft.glass":26,"stat.sleepInBed":6,"stat.killEntity.Cow":3,"stat.craftItem.minecraft.stone_shovel":14,"stat.pickup.minecraft.boat":1,"stat.walkOneCm":1450474,"stat.playerKills":2,"stat.pickup.minecraft.stick":3,"stat.pickup.minecraft.clay_ball":24,"stat.pickup.zoocraftdiscoveries.seed_lemongrass":2,"stat.drop.treasure2.chipped_copper_short_sword":1,"stat.drop.zoocraftdiscoveries.seed_bay":2,"stat.pickup.minecraft.tnt":2,"stat.pickup.minecraft.stone":231,"stat.pickup.zoocraftdiscoveries.seed_coriander":3,"stat.killEntity.Skeleton":5,"stat.pickup.mod_lavacow.sharptooth":2,"stat.killEntity.Spider":2,"stat.killEntity.mod_lavacow.scarecrow":1,"stat.useItem.minecraft.golden_apple":1,"stat.killEntity.mod_lavacow.banshee":1,"stat.mineBlock.minecraft.leaves":76,"stat.entityKilledBy.mod_lavacow.parasite":1,"stat.entityKilledBy.primitivemobs.harpy":2,"stat.mineBlock.chisel.planks-oak":125,"stat.mineBlock.minecraft.stone":834}