{"stat.useItem.minecraft.bow":20,"stat.pickup.minecraft.wooden_slab":3,"stat.leaveGame":46,"stat.drop.minecraft.gunpowder":14,"stat.useItem.harvestcraft.calamaricookeditem":3,"stat.pickup.tconstruct.edible":6,"stat.pickup.ebwizardry.spell_book":4,"stat.pickup.mutantbeasts.mutant_skeleton_pelvis":3,"stat.killEntity.primitivemobs.blazing_juggernaut":3,"stat.craftItem.minecraft.ender_eye":1,"stat.drop.minecraft.enchanted_book":1,"stat.mineBlock.minecraft.web":34,"stat.craftItem.harvestcraft.calamaricookeditem":7,"stat.pickup.harvestcraft.calamarirawitem":7,"stat.drop.minecraft.iron_sword":2,"stat.killEntity.primitivemobs.skeleton_warrior":18,"stat.entityKilledBy.mod_lavacow.mimic":1,"stat.pickup.minecraft.rotten_flesh":137,"stat.pickup.mod_lavacow.parasite_item":5,"stat.craftItem.minecraft.stone_axe":10,"stat.entityKilledBy.primitivemobs.rocket_creeper":2,"stat.useItem.tconstruct.throwball":1,"stat.pickup.minecraft.cobblestone_wall":30,"stat.pickup.minecraft.bucket":1,"stat.entityKilledBy.mod_lavacow.scarecrow":1,"stat.useItem.minecraft.rail":37,"stat.killEntity.Enderman":1,"stat.mineBlock.minecraft.wooden_slab":3,"stat.pickup.minecraft.leather_boots":1,"stat.craftItem.minecraft.iron_shovel":5,"stat.killEntity.Witch":4,"stat.craftItem.harvestcraft.grainbaititem":4,"stat.useItem.minecraft.iron_pickaxe":1985,"stat.pickup.mod_lavacow.intestine":9,"stat.craftItem.minecraft.wooden_pickaxe":3,"stat.useItem.minecraft.iron_shovel":566,"stat.drop.minecraft.chainmail_leggings":1,"stat.drop.minecraft.cooked_mutton":27,"stat.pickup.minecraft.double_plant":12,"stat.useItem.ebwizardry.magic_wand":1,"stat.craftItem.minecraft.bed":8,"stat.craftItem.spartanweaponry.boomerang_iron":2,"stat.pickup.minecraft.firework_charge":3,"stat.mineBlock.chisel.marble2":1,"stat.mineBlock.minecraft.vine":4,"stat.furnaceInteraction":269,"stat.mineBlock.minecraft.rail":25,"stat.craftItem.spartanweaponry.material":20,"stat.killEntity.ZombieVillager":6,"stat.pickup.minecraft.nether_brick":31,"stat.drop.minecraft.red_flower":1,"stat.useItem.primitivemobs.spider_egg":4,"stat.killEntity.primitivemobs.trollager":1,"stat.killEntity.mod_lavacow.mimic":8,"stat.pickup.minecraft.beef":57,"stat.pickup.chisel.stonebrick":19,"stat.entityKilledBy.primitivemobs.goblin":5,"stat.pickup.minecraft.leather_helmet":5,"stat.useItem.minecraft.trapdoor":18,"stat.useItem.minecraft.fence":119,"stat.useItem.mod_lavacow.tooth_dagger":31,"stat.pickup.minecraft.potion":1,"stat.mineBlock.minecraft.fence":67,"stat.craftItem.ebwizardry.magic_wand":2,"stat.useItem.minecraft.flint_and_steel":1,"stat.useItem.minecraft.wheat_seeds":145,"stat.killEntity.Husk":3,"stat.pickup.minecraft.emerald":3,"stat.useItem.minecraft.dye":84,"stat.pickup.minecraft.lever":1,"stat.deaths":92,"stat.pickup.minecraft.egg":2,"stat.killEntity.primitivemobs.rocket_creeper":3,"stat.useItem.minecraft.nether_brick":3,"stat.craftItem.minecraft.iron_pickaxe":15,"stat.entityKilledBy.mod_lavacow.banshee":1,"stat.useItem.chisel.planks-oak":93,"stat.drop.minecraft.torch":9,"stat.craftItem.mutantbeasts.mutant_skeleton_arms":2,"stat.mineBlock.minecraft.tallgrass":286,"stat.craftItem.minecraft.cooked_mutton":30,"stat.fishCaught":4,"stat.pickup.minecraft.cooked_mutton":28,"stat.useItem.mod_lavacow.parasite_item_cooked":1,"stat.chestOpened":1023,"stat.useItem.primitivemobs.goblin_mace":7,"stat.useItem.minecraft.stone":142,"stat.useItem.spartanweaponry.boomerang_iron":139,"stat.pickup.minecraft.arrow":55,"stat.pickup.minecraft.iron_sword":7,"stat.pickup.minecraft.gold_nugget":11,"stat.useItem.chisel.stonebrick":70,"stat.craftItem.minecraft.coal":249,"stat.pickup.mutantbeasts.mutant_skeleton_shoulder_pad":3,"stat.pickup.minecraft.carrot":269,"stat.pickup.mutantbeasts.mutant_skeleton_skull":2,"stat.crouchOneCm":18347,"stat.mineBlock.minecraft.chest":5,"stat.pickup.minecraft.rail":54,"stat.craftItem.minecraft.iron_ingot":156,"stat.useItem.mod_lavacow.mimic_claw_cooked":4,"stat.drop.minecraft.slime_ball":4,"stat.craftingTableInteraction":2,"stat.craftItem.spartanweaponry.scythe_iron":2,"stat.pickup.treasure2.crate_chest_moldy":1,"stat.craftItem.tconstruct.pattern":34,"stat.pickup.minecraft.wooden_pickaxe":1,"stat.drop.minecraft.double_plant":2,"stat.pickup.treasure2.iron_ring":3,"stat.useItem.minecraft.reeds":30,"stat.useItem.chisel.andesite1":6,"stat.pickup.minecraft.dye":144,"stat.pickup.minecraft.planks":36,"stat.pickup.chisel.limestone2":2,"stat.entityKilledBy.primitivemobs.flame_spewer":1,"stat.craftItem.mod_lavacow.parasite_item_cooked":1,"stat.pickup.chisel.cobblestone":22,"stat.pickup.minecraft.wheat_seeds":288,"stat.craftItem.tconstruct.slime_congealed":6,"stat.craftItem.ebwizardry.wizard_handbook":2,"stat.pickup.mod_lavacow.plagued_porkchop":4,"stat.mineBlock.minecraft.dirt":3350,"stat.entityKilledBy.primitivemobs.blazing_juggernaut":2,"stat.useItem.minecraft.bread":42,"stat.mineBlock.treasure2.gravestone2_spawner_cobblestone":1,"stat.killEntity.primitivemobs.bewitched_tome":10,"stat.drop.minecraft.rotten_flesh":3,"stat.useItem.minecraft.cobblestone":450,"stat.pickup.minecraft.magma":20,"stat.useItem.minecraft.gravel":5,"stat.mineBlock.minecraft.double_plant":12,"stat.minecartOneCm":56158,"stat.pickup.tconstruct.throwball":1,"stat.pickup.minecraft.iron_pickaxe":3,"stat.useItem.tconstruct.pickaxe":16,"stat.drop.minecraft.carrot":1,"stat.useItem.minecraft.yellow_flower":2,"stat.craftItem.minecraft.gold_ingot":14,"stat.useItem.harvestcraft.riceitem":3,"stat.mineBlock.chisel.stonebrick1":6,"stat.craftItem.chisel.chisel_iron":1,"stat.mineBlock.chisel.stonebrick2":8,"stat.pickup.minecraft.tipped_arrow":1,"stat.pickup.minecraft.apple":24,"stat.craftItem.minecraft.bucket":2,"stat.craftItem.minecraft.planks":748,"stat.useItem.minecraft.iron_sword":374,"stat.pickup.minecraft.stone_sword":3,"stat.craftItem.minecraft.fishing_rod":2,"stat.useItem.treasure2.pilferers_lock_pick":1,"stat.pickup.minecraft.book":5,"stat.mineBlock.minecraft.log":480,"stat.useItem.carryon.entity_item":30,"stat.craftItem.spartanweaponry.halberd_iron":2,"stat.craftItem.minecraft.paper":3,"stat.craftItem.mutantbeasts.mutant_skeleton_leggings":2,"stat.pickup.minecraft.red_flower":46,"stat.pickup.mutantbeasts.mutant_skeleton_limb":22,"stat.pickup.mod_lavacow.mimic_claw_cooked":3,"stat.pickup.minecraft.red_nether_brick":1,"stat.pickup.minecraft.wool":72,"stat.useItem.minecraft.wooden_axe":24,"stat.cakeSlicesEaten":2,"stat.pickup.harvestcraft.riceseeditem":1,"stat.useItem.minecraft.iron_axe":277,"stat.drop.minecraft.stone_shovel":1,"stat.mineBlock.minecraft.cobblestone":74,"stat.pickup.minecraft.stone_pickaxe":2,"stat.drop.mod_lavacow.mimic_claw_cooked":6,"stat.pickup.minecraft.flint":15,"stat.mineBlock.minecraft.yellow_flower":13,"stat.pickup.minecraft.leather_chestplate":3,"stat.craftItem.minecraft.wool":6,"stat.useItem.harvestcraft.flaxseeditem":1,"stat.pickup.minecraft.enchanted_book":8,"stat.mineBlock.chisel.cobblestone2":2,"stat.pickup.spartanshields.shield_basic_iron":1,"stat.pickup.mutantbeasts.mutant_skeleton_chestplate":1,"stat.useItem.minecraft.cookie":3,"stat.useItem.minecraft.stone_slab2":805,"stat.pickup.minecraft.bow":3,"stat.drop.ebwizardry.magic_wand":1,"stat.pickup.minecraft.iron_boots":7,"stat.pickup.minecraft.diamond_horse_armor":1,"stat.mineBlock.chisel.cobblestone":22,"stat.pickup.minecraft.stone_hoe":2,"stat.craftItem.minecraft.furnace":11,"stat.craftItem.minecraft.lapis_block":29,"stat.drop.minecraft.golden_helmet":1,"stat.pickup.minecraft.golden_axe":1,"stat.useItem.minecraft.egg":1,"stat.craftItem.minecraft.iron_boots":7,"stat.pickup.minecraft.nether_wart_block":1,"stat.craftItem.minecraft.cooked_beef":50,"stat.mineBlock.minecraft.obsidian":20,"stat.pickup.mutantbeasts.mutant_skeleton_rib":21,"stat.mineBlock.minecraft.clay":19,"stat.pickup.minecraft.diamond_leggings":1,"stat.flyOneCm":3228922,"stat.drop.minecraft.iron_helmet":1,"stat.pickup.minecraft.nether_brick_stairs":6,"stat.pickup.minecraft.fish":4,"stat.timeSinceDeath":5092,"stat.drop.spartanweaponry.scythe_iron":1,"stat.drop.harvestcraft.calamaricookeditem":4,"stat.useItem.minecraft.wooden_slab":23,"stat.craftItem.minecraft.iron_block":38,"stat.craftItem.harvestcraft.shippingbin":2,"stat.craftItem.ebwizardry.magic_crystal":13,"stat.killEntity.mod_lavacow.parasite":31,"stat.craftItem.minecraft.stonebrick":288,"stat.pickup.travelersbackpack.travelers_backpack":8,"stat.pickup.harvestcraft.riceitem":159,"stat.useItem.minecraft.potato":3,"stat.pickup.minecraft.chainmail_helmet":3,"stat.pickup.minecraft.nether_wart":6,"stat.mineBlock.minecraft.enchanting_table":1,"stat.mineBlock.minecraft.coal_ore":154,"stat.killEntity.Creeper":17,"stat.pickup.minecraft.shield":7,"stat.craftItem.minecraft.stone_hoe":4,"stat.talkedToVillager":4,"stat.pickup.minecraft.wooden_sword":1,"stat.pickup.minecraft.string":82,"stat.drop.harvestcraft.ricecakeitem":1,"stat.pickup.ebwizardry.magic_wand":3,"stat.pickup.tombstone.crafting_ingredient":14,"stat.pickup.primitivemobs.spider_eggshell":5,"stat.pickup.minecraft.birch_stairs":1,"stat.craftItem.tconstruct.tooltables":16,"stat.killEntity.Squid":6,"stat.sprintOneCm":1091796,"stat.mineBlock.minecraft.stone_slab":1,"stat.craftItem.minecraft.wooden_axe":2,"stat.useItem.carryon.tile_item":18,"stat.mineBlock.minecraft.diamond_ore":30,"stat.pickup.treasure2.milk_crate":2,"stat.pickup.minecraft.leather_leggings":3,"stat.entityKilledBy.primitivemobs.mimic":1,"stat.killEntity.mod_lavacow.undertaker":1,"stat.pickup.harvestcraft.flaxitem":2,"stat.pickup.ebwizardry.ruined_spell_book":5,"stat.killEntity.Zombie":117,"stat.craftItem.minecraft.dye":88,"stat.mineBlock.minecraft.gold_ore":64,"stat.pickup.chisel.stonebrick2":8,"stat.diveOneCm":137101,"stat.drop.minecraft.diamond_pickaxe":1,"stat.pickup.minecraft.wheat":151,"stat.pickup.chisel.stonebrick1":6,"stat.pickup.tconstruct.tooltables":11,"stat.pickup.minecraft.sign":6,"stat.craftItem.minecraft.cooked_porkchop":1,"stat.pickup.minecraft.stone_axe":1,"stat.craftItem.harvestcraft.market":2,"stat.pickup.minecraft.obsidian":21,"stat.drop.harvestcraft.riceseeditem":4,"stat.mineBlock.mod_lavacow.veil_shroom":2,"stat.useItem.minecraft.rotten_flesh":26,"stat.drop.minecraft.apple":4,"stat.jump":14086,"stat.useItem.minecraft.sand":22,"stat.pickup.minecraft.coal":522,"stat.pickup.minecraft.iron_ingot":52,"stat.craftItem.minecraft.lever":2,"stat.pickup.minecraft.gunpowder":40,"stat.craftItem.minecraft.torch":272,"stat.drop.mod_lavacow.mimic_claw":1,"stat.pickup.minecraft.dirt":4043,"stat.drop.minecraft.iron_shovel":1,"stat.pickup.minecraft.stone_shovel":3,"stat.killEntity.mocreatures:dragonfly":1,"stat.useItem.minecraft.sapling":8,"stat.pickup.minecraft.gold_ore":76,"stat.mineBlock.minecraft.lapis_ore":18,"stat.pickup.minecraft.cookie":16,"stat.pickup.minecraft.iron_axe":1,"stat.damageTaken":36945,"stat.useItem.minecraft.stone_brick_stairs":77,"stat.mineBlock.minecraft.torch":93,"stat.mineBlock.minecraft.melon_block":1,"stat.mineBlock.minecraft.red_flower":45,"stat.killEntity.tconstruct.blueslime":5,"stat.mineBlock.minecraft.sapling":3,"stat.pickup.ebwizardry.crystal_flower":6,"stat.drop.tconstruct.slimesling":1,"stat.craftItem.mutantbeasts.mutant_skeleton_chestplate":4,"stat.entityKilledBy.ZombieVillager":4,"stat.pickup.minecraft.bed":24,"stat.craftItem.mod_lavacow.mimic_claw_cooked":5,"stat.mineBlock.minecraft.fence_gate":2,"stat.pickup.minecraft.potato":6,"stat.entityKilledBy.Zombie":9,"stat.pickup.minecraft.rabbit_hide":1,"stat.pickup.spartanweaponry.saber_iron":1,"stat.killEntity.Silverfish":4,"stat.craftItem.minecraft.stone_slab":6,"stat.animalsBred":32,"stat.useItem.minecraft.chest":15,"stat.pickup.minecraft.diamond_pickaxe":4,"stat.craftItem.harvestcraft.flouritem":16,"stat.useItem.minecraft.gold_ore":55,"stat.pickup.mod_lavacow.mimic_claw":7,"stat.drop.minecraft.netherrack":10,"stat.useItem.minecraft.melon":4,"stat.useItem.tombstone.gift":2,"stat.craftItem.minecraft.iron_chestplate":6,"stat.killEntity.mod_lavacow.undeadswine":1,"stat.pickup.minecraft.cooked_beef":2,"stat.useItem.minecraft.netherrack":14,"stat.killEntity.Stray":2,"stat.pickup.mutantbeasts.hulk_hammer":1,"stat.craftItem.travelersbackpack.sleeping_bag_bottom":2,"stat.craftItem.mutantbeasts.mutant_skeleton_rib_cage":4,"stat.mineBlock.minecraft.tnt":1,"stat.mineBlock.minecraft.stonebrick":12,"stat.drop.minecraft.cookie":6,"stat.mineBlock.waystones.waystone":1,"stat.pickup.harvestcraft.ricecakeitem":4,"stat.drop.primitivemobs.goblin_mace":1,"stat.mobKills":485,"stat.useItem.treasure2.chipped_copper_short_sword":3,"stat.craftItem.minecraft.shears":2,"stat.useItem.minecraft.mossy_cobblestone":1,"stat.useItem.minecraft.cobblestone_wall":38,"stat.pickup.minecraft.diamond":34,"stat.pickup.minecraft.beetroot_seeds":15,"stat.pickup.minecraft.torch":252,"stat.drop.minecraft.stone_axe":1,"stat.pickup.mod_lavacow.moltenbeef":2,"stat.craftItem.harvestcraft.saltitem":74,"stat.drop.harvestcraft.potitem":1,"stat.pickup.blocklings.blockling":12,"stat.mineBlock.ebwizardry.crystal_flower":6,"stat.useItem.mod_lavacow.parasite_item":1,"stat.craftItem.minecraft.iron_axe":6,"stat.useItem.minecraft.soul_sand":1,"stat.killEntity.mutantbeasts.mutant_skeleton":2,"stat.pickup.mod_lavacow.cursed_fabric":10,"stat.pickup.minecraft.fishing_rod":1,"stat.useItem.minecraft.planks":98,"stat.pickup.minecraft.golden_boots":2,"stat.useItem.minecraft.nether_brick_stairs":4,"stat.pickup.minecraft.porkchop":2,"stat.pickup.minecraft.glass":6,"stat.pickup.minecraft.blaze_powder":2,"stat.drop.ebwizardry.magic_crystal":2,"stat.pickup.tconstruct.slimesling":1,"stat.useItem.minecraft.water_bucket":63,"stat.mineBlock.minecraft.stone_brick_stairs":81,"stat.drop.harvestcraft.stockitem":17,"stat.pickup.minecraft.sand":113,"stat.killEntity.primitivemobs.festive_creeper":4,"stat.entityKilledBy.primitivemobs.skeleton_warrior":10,"stat.pickup.minecraft.name_tag":4,"stat.mineBlock.treasure2.crate_chest_moldy":1,"stat.pickup.minecraft.wooden_hoe":1,"stat.craftItem.minecraft.cobblestone_wall":18,"stat.craftItem.minecraft.stone_sword":2,"stat.craftItem.mod_lavacow.swinearmor_boots":2,"stat.pickup.chisel.cobblestone2":2,"stat.mineBlock.minecraft.sand":103,"stat.useItem.harvestcraft.stockitem":56,"stat.craftItem.minecraft.wooden_hoe":4,"stat.craftItem.minecraft.cooked_fish":1,"stat.craftItem.harvestcraft.well":2,"stat.craftItem.spartanshields.shield_basic_wood":6,"stat.useItem.minecraft.fence_gate":1,"stat.hopperInspected":1,"stat.pickup.minecraft.ghast_tear":1,"stat.craftItem.minecraft.birch_door":6,"stat.trappedChestTriggered":2,"stat.mineBlock.chisel.andesite1":5,"stat.craftItem.harvestcraft.watertrap":1,"stat.craftItem.ebwizardry.arcane_workbench":2,"stat.pickup.minecraft.fence_gate":2,"stat.pickup.mod_lavacow.undyingheart":2,"stat.entityKilledBy.primitivemobs.support_creeper":1,"stat.pickup.chisel.andesite1":5,"stat.useItem.minecraft.cooked_mutton":35,"stat.pickup.minecraft.furnace":18,"stat.pickup.primitivemobs.spider_egg":7,"stat.craftItem.travelersbackpack.travelers_backpack":2,"stat.pickup.minecraft.iron_chestplate":1,"stat.useItem.spartanweaponry.saber_iron":341,"stat.pickup.tombstone.magic_scroll":1,"stat.drop.minecraft.pumpkin_seeds":1,"stat.entityKilledBy.mutantbeasts.mutant_skeleton":12,"stat.pickup.minecraft.stone_stairs":1,"stat.pickup.mod_lavacow.tooth_dagger":2,"stat.craftItem.minecraft.fence_gate":4,"stat.pickup.minecraft.pumpkin_seeds":1,"stat.pickup.treasure2.leaf_lock":1,"stat.mineBlock.minecraft.soul_sand":3,"stat.pickup.mod_lavacow.pigboarhide":5,"stat.useItem.spartanweaponry.halberd_iron":296,"stat.craftItem.harvestcraft.groundtrap":2,"stat.pickup.mod_lavacow.veil_shroom":3,"stat.playOneMinute":1727706,"stat.pickup.minecraft.birch_door":2,"stat.craftItem.eplus.advanced_table":1,"stat.pickup.minecraft.iron_bars":15,"stat.pickup.minecraft.netherrack":135,"stat.drop.mod_lavacow.tooth_dagger":1,"stat.craftItem.minecraft.carpet":3,"stat.mineBlock.minecraft.netherrack":58,"stat.useItem.chisel.stonebrick1":5,"stat.craftItem.harvestcraft.mixingbowlitem":2,"stat.useItem.chisel.stonebrick2":74,"stat.drop.minecraft.flint":1,"stat.mineBlock.treasure2.crate_chest":3,"stat.craftItem.minecraft.golden_rail":48,"stat.craftItem.minecraft.iron_nugget":108,"stat.fallOneCm":132878,"stat.pickup.minecraft.melon_seeds":4,"stat.drop.treasure2.charm_book":1,"stat.drop.minecraft.gold_ore":1,"stat.craftItem.minecraft.chest":27,"stat.mineBlock.minecraft.lever":1,"stat.pickup.minecraft.melon":4,"stat.dropperInspected":1,"stat.craftItem.harvestcraft.freshwateritem":48,"stat.mineBlock.minecraft.nether_wart_block":1,"stat.mineBlock.treasure2.safe":1,"stat.craftItem.treasure2.treasure_tool":3,"stat.pickup.primitivemobs.goblin_mace":7,"stat.drop.mutantbeasts.mutant_skeleton_rib":2,"stat.useItem.minecraft.golden_rail":38,"stat.pickup.minecraft.feather":1,"stat.mineBlock.minecraft.red_nether_brick":1,"stat.useItem.minecraft.furnace":13,"stat.drop.mod_lavacow.undyingheart":1,"stat.pickup.minecraft.iron_leggings":7,"stat.mineBlock.minecraft.gravel":111,"stat.useItem.minecraft.stone_pickaxe":1442,"stat.pickup.waystones.waystone":1,"stat.useItem.minecraft.stone_sword":90,"stat.craftItem.minecraft.iron_leggings":8,"stat.killEntity.primitivemobs.baby_spider":19,"stat.useItem.mod_lavacow.plagued_porkchop":1,"stat.pickup.minecraft.chainmail_boots":1,"stat.drop.treasure2.treasure_tool":1,"stat.useItem.minecraft.iron_bars":6,"stat.pickup.minecraft.flint_and_steel":1,"stat.mineBlock.minecraft.monster_egg":2,"stat.useItem.minecraft.torch":634,"stat.craftItem.harvestcraft.stockitem":75,"stat.pickup.minecraft.iron_nugget":9,"stat.craftItem.minecraft.redstone_block":8,"stat.useItem.minecraft.log":40,"stat.craftItem.minecraft.crafting_table":6,"stat.mineBlock.ebwizardry.crystal_ore":38,"stat.mineBlock.minecraft.emerald_ore":1,"stat.mineBlock.chisel.stonebrick":19,"stat.pickup.minecraft.redstone_block":1,"stat.pickup.minecraft.log":632,"stat.useItem.minecraft.cooked_fish":1,"stat.craftItem.spartanweaponry.saber_iron":4,"stat.mineBlock.minecraft.golden_rail":8,"stat.craftItem.harvestcraft.bakewareitem":2,"stat.drop.minecraft.planks":3,"stat.useItem.harvestcraft.riceseeditem":39,"stat.pickup.minecraft.chainmail_leggings":2,"stat.pickup.minecraft.sapling":290,"stat.craftItem.treasure2.thiefs_lock_pick":13,"stat.useItem.minecraft.birch_door":4,"stat.drop.minecraft.bow":2,"stat.pickup.minecraft.beetroot":3,"stat.killEntity.mocreatures:snail":1,"stat.killEntity.primitivemobs.flame_spewer":1,"stat.useItem.mutantbeasts.hulk_hammer":17,"stat.killEntity.WitherSkeleton":1,"stat.useItem.minecraft.stone_hoe":122,"stat.craftItem.minecraft.sugar":3,"stat.craftItem.mutantbeasts.mutant_skeleton_boots":4,"stat.pickup.tconstruct.slime_boots":1,"stat.sneakTime":11466,"stat.craftItem.harvestcraft.flaxseeditem":2,"stat.mineBlock.minecraft.cobblestone_wall":30,"stat.pickup.minecraft.stone_slab":50,"stat.pickup.minecraft.yellow_flower":13,"stat.pickup.minecraft.golden_rail":10,"stat.useItem.minecraft.fishing_rod":27,"stat.pickup.minecraft.chest":11,"stat.craftItem.minecraft.enchanting_table":1,"stat.drop.minecraft.stone_pickaxe":1,"stat.pickup.minecraft.bone":66,"stat.horseOneCm":2269,"stat.pickup.chisel.planks-oak":186,"stat.craftItem.minecraft.stone_brick_stairs":96,"stat.useItem.minecraft.diamond_sword":8,"stat.useItem.harvestcraft.ricecakeitem":34,"stat.craftItem.tconstruct.slimesling":2,"stat.swimOneCm":408086,"stat.climbOneCm":7787,"stat.craftItem.minecraft.gold_block":4,"stat.entityKilledBy.mutantbeasts.mutant_zombie":3,"stat.useItem.minecraft.dirt":3912,"stat.pickup.minecraft.golden_helmet":3,"stat.killEntity.blockling":3,"stat.killEntity.primitivemobs.mother_spider":4,"stat.pickup.spartanweaponry.scythe_iron":3,"stat.useItem.minecraft.red_flower":1,"stat.pickup.minecraft.enchanting_table":1,"stat.craftItem.spartanshields.shield_basic_iron":3,"stat.useItem.minecraft.iron_ore":346,"stat.craftItem.minecraft.trapdoor":24,"stat.useItem.minecraft.golden_pickaxe":32,"stat.drop.minecraft.ender_pearl":1,"stat.craftItem.minecraft.stone_pickaxe":18,"stat.mineBlock.minecraft.magma":21,"stat.pickup.minecraft.cobblestone":3539,"stat.drop.spartanweaponry.throwing_knife_iron":1,"stat.mineBlock.minecraft.redstone_block":1,"stat.useItem.minecraft.stone_shovel":2500,"stat.mineBlock.chisel.limestone2":1,"stat.useItem.chisel.cobblestone":25,"stat.pickup.minecraft.glass_bottle":2,"stat.pickup.minecraft.soul_sand":5,"stat.drop.minecraft.wheat_seeds":13,"stat.craftItem.minecraft.wooden_slab":48,"stat.useItem.minecraft.cooked_beef":30,"stat.pickup.minecraft.golden_pickaxe":1,"stat.pickup.harvestcraft.flaxseeditem":1,"stat.pickup.minecraft.redstone":4,"stat.mineBlock.minecraft.iron_ore":485,"stat.useItem.minecraft.sign":5,"stat.drop.minecraft.log":1,"stat.pickup.treasure2.safe":2,"stat.pickup.minecraft.mutton":52,"stat.drop.minecraft.name_tag":2,"stat.pickup.minecraft.mossy_cobblestone":4,"stat.craftItem.harvestcraft.ricecakeitem":56,"stat.pickup.minecraft.wooden_axe":1,"stat.mineBlock.minecraft.coal_block":1,"stat.drop.mod_lavacow.glowshroom":2,"stat.pickup.minecraft.stonebrick":64,"stat.drop.minecraft.dirt":1,"stat.pickup.ebwizardry.magic_crystal":84,"stat.pickup.minecraft.iron_shovel":1,"stat.useItem.minecraft.cooked_porkchop":1,"stat.pickup.minecraft.trapdoor":2,"stat.drop.minecraft.beetroot_seeds":2,"stat.pickup.minecraft.diamond_shovel":1,"stat.mineBlock.minecraft.nether_brick":25,"stat.pickup.harvestcraft.shippingbin":1,"stat.entityKilledBy.primitivemobs.baby_spider":4,"stat.useItem.tconstruct.edible":1,"stat.craftItem.tconstruct.slime_boots":2,"stat.craftItem.minecraft.stone_slab2":0,"stat.pickup.treasure2.spider_chest":1,"stat.killEntity.mutantbeasts.mutant_zombie":1,"stat.pickup.minecraft.paper":4,"stat.craftItem.minecraft.stick":656,"stat.mineBlock.treasure2.spider_chest":1,"stat.useItem.minecraft.stone_slab":39,"stat.pickup.treasure2.charm_book":3,"stat.craftItem.minecraft.stone":587,"stat.craftItem.minecraft.gold_nugget":9,"stat.pickup.minecraft.grass":1,"stat.useItem.minecraft.diamond_pickaxe":255,"stat.useItem.minecraft.carrot":147,"stat.pickup.treasure2.crate_chest":5,"stat.useItem.minecraft.wheat":3,"stat.pickup.minecraft.diamond_chestplate":1,"stat.entityKilledBy.Creeper":6,"stat.pickup.harvestcraft.flouritem":1,"stat.useItem.spartanweaponry.scythe_iron":272,"stat.mineBlock.minecraft.planks":25,"stat.drop":219,"stat.craftItem.spartanshields.shield_basic_stone":3,"stat.craftItem.harvestcraft.potitem":4,"stat.killEntity.Sheep":30,"stat.pickup.minecraft.slime_ball":17,"stat.craftItem.minecraft.diamond_pickaxe":1,"stat.killEntity.primitivemobs.treasure_slime":25,"stat.killEntity.primitivemobs.haunted_tool":9,"stat.drop.minecraft.bread":2,"stat.drop.minecraft.nether_wart":2,"stat.pickup.minecraft.gravel":133,"stat.drop.minecraft.cooked_beef":15,"stat.useItem.minecraft.apple":21,"stat.entityKilledBy.primitivemobs.bewitched_tome":5,"stat.killEntity.primitivemobs.support_creeper":9,"stat.drop.minecraft.cooked_porkchop":7,"stat.pickup.minecraft.stone_brick_stairs":165,"stat.craftItem.travelersbackpack.backpack_tank":4,"stat.pickup.minecraft.fence":67,"stat.useItem.minecraft.wooden_hoe":5,"stat.mineBlock.treasure2.milk_crate":2,"stat.pickup.minecraft.iron_helmet":3,"stat.pickup.mutantbeasts.mutant_skeleton_arms":1,"stat.useItem.minecraft.stone_axe":140,"stat.craftItem.minecraft.bread":35,"stat.entityKilledBy.CaveSpider":1,"stat.pickup.minecraft.spider_eye":22,"stat.entityKilledBy.primitivemobs.mother_spider":2,"stat.killEntity.primitivemobs.goblin":10,"stat.craftItem.minecraft.iron_helmet":9,"stat.craftItem.minecraft.rail":32,"stat.drop.blocklings.blockling":2,"stat.pickup.minecraft.iron_ore":485,"stat.pickup.mod_lavacow.glowshroom":3,"stat.mineBlock.treasure2.skull_and_crossbones":1,"stat.drop.spartanweaponry.saber_iron":1,"stat.entityKilledBy.primitivemobs.haunted_tool":1,"stat.mineBlock.minecraft.iron_bars":15,"stat.mineBlock.tconstruct.tooltables":12,"stat.craftItem.harvestcraft.riceseeditem":52,"stat.mineBlock.minecraft.stone_stairs":1,"stat.pickup.minecraft.leather":33,"stat.drop.tconstruct.cast":2,"stat.craftItem.ebwizardry.crystal_block":7,"stat.mineBlock.minecraft.furnace":15,"stat.useItem.minecraft.wooden_pickaxe":54,"stat.drop.mutantbeasts.mutant_skeleton_shoulder_pad":1,"stat.drop.minecraft.water_bucket":1,"stat.pickup.mod_lavacow.chitin":1,"stat.pickup.minecraft.reeds":136,"stat.killEntity.CaveSpider":9,"tombstone:undead_killed":64,"stat.useItem.minecraft.magma":10,"stat.craftItem.harvestcraft.doughitem":19,"stat.damageDealt":73822,"stat.craftItem.minecraft.glass":26,"stat.killEntity.bound_soul":4,"stat.sleepInBed":10,"stat.craftItem.minecraft.anvil":2,"stat.mineBlock.minecraft.nether_brick_stairs":6,"stat.killEntity.Cow":31,"stat.pickup.minecraft.minecart":7,"stat.killEntity.Pig":1,"stat.craftItem.minecraft.iron_sword":2,"stat.pickup.treasure2.gravestone2_cobblestone":1,"stat.craftItem.minecraft.stone_shovel":28,"stat.pickup.minecraft.boat":1,"stat.walkOneCm":5207000,"stat.playerKills":4,"stat.pickup.minecraft.stick":7,"stat.pickup.minecraft.clay_ball":72,"stat.drop.treasure2.chipped_copper_short_sword":1,"stat.mineBlock.chisel.basalt2":1,"stat.entityKilledBy.primitivemobs.trollager":1,"stat.killEntity.primitivemobs.mimic":1,"stat.craftItem.harvestcraft.mortarandpestleitem":2,"stat.craftItem.minecraft.writable_book":1,"stat.useItem.minecraft.redstone_block":7,"stat.pickup.minecraft.tnt":4,"stat.pickup.minecraft.stone":677,"stat.craftItem.minecraft.minecart":2,"stat.killEntity.Skeleton":28,"stat.pickup.mod_lavacow.sharptooth":5,"stat.killEntity.Spider":7,"stat.mineBlock.minecraft.quartz_ore":18,"stat.pickup.minecraft.bread":6,"stat.pickup.minecraft.quartz":18,"stat.craftItem.minecraft.fence":81,"stat.killEntity.mod_lavacow.scarecrow":1,"stat.useItem.minecraft.golden_apple":2,"stat.killEntity.mod_lavacow.banshee":2,"stat.pickup.minecraft.water_bucket":3,"stat.mineBlock.minecraft.leaves":96,"stat.entityKilledBy.mod_lavacow.parasite":2,"stat.entityKilledBy.primitivemobs.harpy":2,"stat.mineBlock.chisel.planks-oak":125,"stat.craftItem.minecraft.coal_block":15,"stat.craftItem.minecraft.brick":48,"stat.mineBlock.minecraft.stone":2351}