{"stat.pickup.tconstruct.tooltables":1,"stat.walkOneCm":7876,"stat.craftItem.minecraft.planks":24,"stat.mineBlock.tconstruct.tooltables":1,"stat.damageTaken":28,"stat.craftItem.minecraft.crafting_table":1,"stat.useItem.minecraft.wooden_pickaxe":2,"stat.pickup.minecraft.cobblestone":1,"stat.mineBlock.minecraft.log":1,"stat.pickup.minecraft.log":18,"stat.flyOneCm":3409,"stat.jump":38,"stat.swimOneCm":82,"stat.mineBlock.minecraft.leaves":3,"stat.playOneMinute":4295,"stat.fallOneCm":209,"stat.craftItem.minecraft.wooden_hoe":2,"stat.damageDealt":175,"stat.timeSinceDeath":4295,"stat.craftItem.tconstruct.tooltables":1,"stat.pickup.minecraft.dirt":4,"stat.sprintOneCm":2958,"stat.useItem.minecraft.stone_slab2":2,"stat.craftItem.minecraft.wooden_pickaxe":2,"stat.mineBlock.minecraft.stone":2,"stat.craftItem.minecraft.stick":8}