{"stat.useItem.minecraft.bow":12,"stat.pickup.minecraft.wooden_slab":3,"stat.leaveGame":36,"stat.drop.minecraft.gunpowder":14,"stat.useItem.harvestcraft.calamaricookeditem":3,"stat.pickup.tconstruct.edible":6,"stat.pickup.ebwizardry.spell_book":4,"stat.pickup.mutantbeasts.mutant_skeleton_pelvis":3,"stat.killEntity.primitivemobs.blazing_juggernaut":3,"stat.craftItem.minecraft.ender_eye":1,"stat.mineBlock.minecraft.web":34,"stat.craftItem.harvestcraft.calamaricookeditem":7,"stat.pickup.harvestcraft.calamarirawitem":7,"stat.drop.minecraft.iron_sword":1,"stat.killEntity.primitivemobs.skeleton_warrior":15,"stat.entityKilledBy.mod_lavacow.mimic":1,"stat.pickup.minecraft.rotten_flesh":87,"stat.pickup.mod_lavacow.parasite_item":4,"stat.craftItem.minecraft.stone_axe":10,"stat.entityKilledBy.primitivemobs.rocket_creeper":2,"stat.useItem.tconstruct.throwball":1,"stat.pickup.minecraft.cobblestone_wall":30,"stat.pickup.minecraft.bucket":1,"stat.entityKilledBy.mod_lavacow.scarecrow":1,"stat.useItem.minecraft.rail":37,"stat.killEntity.Enderman":1,"stat.mineBlock.minecraft.wooden_slab":3,"stat.craftItem.minecraft.iron_shovel":5,"stat.killEntity.Witch":3,"stat.craftItem.harvestcraft.grainbaititem":4,"stat.useItem.minecraft.iron_pickaxe":1891,"stat.pickup.mod_lavacow.intestine":4,"stat.craftItem.minecraft.wooden_pickaxe":3,"stat.useItem.minecraft.iron_shovel":546,"stat.drop.minecraft.cooked_mutton":27,"stat.pickup.minecraft.double_plant":12,"stat.useItem.ebwizardry.magic_wand":1,"stat.craftItem.minecraft.bed":8,"stat.craftItem.spartanweaponry.boomerang_iron":2,"stat.pickup.minecraft.firework_charge":3,"stat.furnaceInteraction":264,"stat.mineBlock.minecraft.rail":25,"stat.craftItem.spartanweaponry.material":20,"stat.killEntity.ZombieVillager":1,"stat.drop.minecraft.red_flower":1,"stat.useItem.primitivemobs.spider_egg":4,"stat.killEntity.primitivemobs.trollager":1,"stat.killEntity.mod_lavacow.mimic":8,"stat.pickup.minecraft.beef":57,"stat.pickup.chisel.stonebrick":19,"stat.entityKilledBy.primitivemobs.goblin":5,"stat.pickup.minecraft.leather_helmet":3,"stat.useItem.minecraft.trapdoor":18,"stat.useItem.minecraft.fence":119,"stat.useItem.mod_lavacow.tooth_dagger":31,"stat.mineBlock.minecraft.fence":64,"stat.craftItem.ebwizardry.magic_wand":2,"stat.useItem.minecraft.flint_and_steel":1,"stat.useItem.minecraft.wheat_seeds":145,"stat.pickup.minecraft.emerald":3,"stat.useItem.minecraft.dye":84,"stat.pickup.minecraft.lever":1,"stat.deaths":82,"stat.pickup.minecraft.egg":2,"stat.killEntity.primitivemobs.rocket_creeper":3,"stat.craftItem.minecraft.iron_pickaxe":15,"stat.entityKilledBy.mod_lavacow.banshee":1,"stat.useItem.chisel.planks-oak":93,"stat.craftItem.mutantbeasts.mutant_skeleton_arms":2,"stat.mineBlock.minecraft.tallgrass":256,"stat.craftItem.minecraft.cooked_mutton":30,"stat.fishCaught":4,"stat.pickup.minecraft.cooked_mutton":28,"stat.useItem.mod_lavacow.parasite_item_cooked":1,"stat.chestOpened":914,"stat.useItem.primitivemobs.goblin_mace":7,"stat.useItem.minecraft.stone":26,"stat.useItem.spartanweaponry.boomerang_iron":138,"stat.pickup.minecraft.arrow":41,"stat.pickup.minecraft.iron_sword":5,"stat.useItem.chisel.stonebrick":70,"stat.craftItem.minecraft.coal":249,"stat.pickup.mutantbeasts.mutant_skeleton_shoulder_pad":3,"stat.pickup.minecraft.carrot":229,"stat.pickup.mutantbeasts.mutant_skeleton_skull":2,"stat.crouchOneCm":16305,"stat.mineBlock.minecraft.chest":2,"stat.pickup.minecraft.rail":54,"stat.craftItem.minecraft.iron_ingot":156,"stat.useItem.mod_lavacow.mimic_claw_cooked":4,"stat.drop.minecraft.slime_ball":4,"stat.craftingTableInteraction":2,"stat.craftItem.spartanweaponry.scythe_iron":2,"stat.pickup.treasure2.crate_chest_moldy":1,"stat.craftItem.tconstruct.pattern":34,"stat.pickup.minecraft.wooden_pickaxe":1,"stat.drop.minecraft.double_plant":2,"stat.pickup.treasure2.iron_ring":3,"stat.useItem.minecraft.reeds":30,"stat.useItem.chisel.andesite1":6,"stat.pickup.minecraft.dye":136,"stat.pickup.minecraft.planks":36,"stat.pickup.chisel.limestone2":1,"stat.entityKilledBy.primitivemobs.flame_spewer":1,"stat.craftItem.mod_lavacow.parasite_item_cooked":1,"stat.pickup.chisel.cobblestone":22,"stat.pickup.minecraft.wheat_seeds":264,"stat.craftItem.tconstruct.slime_congealed":6,"stat.craftItem.ebwizardry.wizard_handbook":2,"stat.pickup.mod_lavacow.plagued_porkchop":4,"stat.mineBlock.minecraft.dirt":3326,"stat.entityKilledBy.primitivemobs.blazing_juggernaut":2,"stat.useItem.minecraft.bread":42,"stat.killEntity.primitivemobs.bewitched_tome":9,"stat.drop.minecraft.rotten_flesh":2,"stat.useItem.minecraft.cobblestone":302,"stat.useItem.minecraft.gravel":5,"stat.mineBlock.minecraft.double_plant":9,"stat.minecartOneCm":56158,"stat.pickup.tconstruct.throwball":1,"stat.pickup.minecraft.iron_pickaxe":3,"stat.useItem.tconstruct.pickaxe":16,"stat.drop.minecraft.carrot":1,"stat.useItem.minecraft.yellow_flower":2,"stat.craftItem.minecraft.gold_ingot":14,"stat.useItem.harvestcraft.riceitem":3,"stat.mineBlock.chisel.stonebrick1":6,"stat.craftItem.chisel.chisel_iron":1,"stat.mineBlock.chisel.stonebrick2":8,"stat.pickup.minecraft.apple":24,"stat.craftItem.minecraft.bucket":1,"stat.craftItem.minecraft.planks":704,"stat.useItem.minecraft.iron_sword":263,"stat.pickup.minecraft.stone_sword":3,"stat.craftItem.minecraft.fishing_rod":2,"stat.useItem.treasure2.pilferers_lock_pick":1,"stat.pickup.minecraft.book":4,"stat.mineBlock.minecraft.log":440,"stat.useItem.carryon.entity_item":30,"stat.craftItem.spartanweaponry.halberd_iron":2,"stat.craftItem.minecraft.paper":3,"stat.craftItem.mutantbeasts.mutant_skeleton_leggings":2,"stat.pickup.minecraft.red_flower":46,"stat.pickup.mutantbeasts.mutant_skeleton_limb":22,"stat.pickup.mod_lavacow.mimic_claw_cooked":3,"stat.pickup.minecraft.wool":72,"stat.useItem.minecraft.wooden_axe":24,"stat.pickup.harvestcraft.riceseeditem":1,"stat.useItem.minecraft.iron_axe":237,"stat.drop.minecraft.stone_shovel":1,"stat.mineBlock.minecraft.cobblestone":47,"stat.pickup.minecraft.stone_pickaxe":2,"stat.drop.mod_lavacow.mimic_claw_cooked":6,"stat.pickup.minecraft.flint":11,"stat.mineBlock.minecraft.yellow_flower":13,"stat.craftItem.minecraft.wool":6,"stat.pickup.minecraft.enchanted_book":5,"stat.mineBlock.chisel.cobblestone2":2,"stat.pickup.mutantbeasts.mutant_skeleton_chestplate":1,"stat.useItem.minecraft.cookie":3,"stat.useItem.minecraft.stone_slab2":719,"stat.pickup.minecraft.bow":2,"stat.drop.ebwizardry.magic_wand":1,"stat.pickup.minecraft.iron_boots":1,"stat.mineBlock.chisel.cobblestone":22,"stat.pickup.minecraft.stone_hoe":1,"stat.craftItem.minecraft.furnace":10,"stat.craftItem.minecraft.lapis_block":29,"stat.drop.minecraft.golden_helmet":1,"stat.useItem.minecraft.egg":1,"stat.craftItem.minecraft.iron_boots":6,"stat.craftItem.minecraft.cooked_beef":50,"stat.mineBlock.minecraft.obsidian":10,"stat.pickup.mutantbeasts.mutant_skeleton_rib":21,"stat.mineBlock.minecraft.clay":19,"stat.flyOneCm":2968324,"stat.drop.minecraft.iron_helmet":1,"stat.pickup.minecraft.fish":4,"stat.timeSinceDeath":20049,"stat.drop.spartanweaponry.scythe_iron":1,"stat.drop.harvestcraft.calamaricookeditem":4,"stat.useItem.minecraft.wooden_slab":23,"stat.craftItem.minecraft.iron_block":38,"stat.craftItem.harvestcraft.shippingbin":2,"stat.craftItem.ebwizardry.magic_crystal":13,"stat.killEntity.mod_lavacow.parasite":29,"stat.craftItem.minecraft.stonebrick":288,"stat.pickup.travelersbackpack.travelers_backpack":8,"stat.pickup.harvestcraft.riceitem":111,"stat.mineBlock.minecraft.enchanting_table":1,"stat.mineBlock.minecraft.coal_ore":154,"stat.killEntity.Creeper":15,"stat.craftItem.minecraft.stone_hoe":4,"stat.talkedToVillager":4,"stat.pickup.minecraft.wooden_sword":1,"stat.pickup.minecraft.string":71,"stat.pickup.ebwizardry.magic_wand":3,"stat.pickup.primitivemobs.spider_eggshell":5,"stat.pickup.minecraft.birch_stairs":1,"stat.craftItem.tconstruct.tooltables":16,"stat.killEntity.Squid":6,"stat.sprintOneCm":944710,"stat.craftItem.minecraft.wooden_axe":2,"stat.useItem.carryon.tile_item":10,"stat.mineBlock.minecraft.diamond_ore":17,"stat.pickup.treasure2.milk_crate":2,"stat.pickup.minecraft.leather_leggings":1,"stat.entityKilledBy.primitivemobs.mimic":1,"stat.killEntity.Zombie":77,"stat.craftItem.minecraft.dye":88,"stat.mineBlock.minecraft.gold_ore":57,"stat.pickup.chisel.stonebrick2":8,"stat.diveOneCm":126727,"stat.pickup.minecraft.wheat":129,"stat.pickup.chisel.stonebrick1":6,"stat.pickup.tconstruct.tooltables":11,"stat.pickup.minecraft.sign":3,"stat.craftItem.minecraft.cooked_porkchop":1,"stat.pickup.minecraft.stone_axe":1,"stat.craftItem.harvestcraft.market":2,"stat.pickup.minecraft.obsidian":11,"stat.drop.harvestcraft.riceseeditem":4,"stat.mineBlock.mod_lavacow.veil_shroom":2,"stat.useItem.minecraft.rotten_flesh":26,"stat.drop.minecraft.apple":4,"stat.jump":12700,"stat.useItem.minecraft.sand":22,"stat.pickup.minecraft.coal":522,"stat.pickup.minecraft.iron_ingot":48,"stat.craftItem.minecraft.lever":2,"stat.pickup.minecraft.gunpowder":37,"stat.craftItem.minecraft.torch":268,"stat.drop.mod_lavacow.mimic_claw":1,"stat.pickup.minecraft.dirt":4022,"stat.drop.minecraft.iron_shovel":1,"stat.pickup.minecraft.stone_shovel":2,"stat.killEntity.mocreatures:dragonfly":1,"stat.useItem.minecraft.sapling":8,"stat.pickup.minecraft.gold_ore":68,"stat.mineBlock.minecraft.lapis_ore":18,"stat.pickup.minecraft.cookie":16,"stat.damageTaken":31817,"stat.useItem.minecraft.stone_brick_stairs":77,"stat.mineBlock.minecraft.torch":69,"stat.mineBlock.minecraft.melon_block":1,"stat.mineBlock.minecraft.red_flower":43,"stat.killEntity.tconstruct.blueslime":5,"stat.mineBlock.minecraft.sapling":3,"stat.pickup.ebwizardry.crystal_flower":6,"stat.drop.tconstruct.slimesling":1,"stat.craftItem.mutantbeasts.mutant_skeleton_chestplate":4,"stat.pickup.minecraft.bed":22,"stat.craftItem.mod_lavacow.mimic_claw_cooked":5,"stat.mineBlock.minecraft.fence_gate":2,"stat.entityKilledBy.Zombie":5,"stat.pickup.minecraft.rabbit_hide":1,"stat.pickup.spartanweaponry.saber_iron":1,"stat.killEntity.Silverfish":1,"stat.craftItem.minecraft.stone_slab":6,"stat.animalsBred":28,"stat.useItem.minecraft.chest":14,"stat.pickup.minecraft.diamond_pickaxe":1,"stat.craftItem.harvestcraft.flouritem":16,"stat.useItem.minecraft.gold_ore":48,"stat.pickup.mod_lavacow.mimic_claw":7,"stat.drop.minecraft.netherrack":10,"stat.useItem.minecraft.melon":4,"stat.useItem.tombstone.gift":1,"stat.craftItem.minecraft.iron_chestplate":6,"stat.killEntity.mod_lavacow.undeadswine":1,"stat.pickup.minecraft.cooked_beef":2,"stat.useItem.minecraft.netherrack":14,"stat.pickup.mutantbeasts.hulk_hammer":1,"stat.craftItem.travelersbackpack.sleeping_bag_bottom":2,"stat.craftItem.mutantbeasts.mutant_skeleton_rib_cage":4,"stat.mineBlock.minecraft.stonebrick":5,"stat.drop.minecraft.cookie":6,"stat.pickup.harvestcraft.ricecakeitem":4,"stat.drop.primitivemobs.goblin_mace":1,"stat.mobKills":396,"stat.useItem.treasure2.chipped_copper_short_sword":3,"stat.craftItem.minecraft.shears":2,"stat.useItem.minecraft.cobblestone_wall":38,"stat.pickup.minecraft.diamond":20,"stat.pickup.minecraft.beetroot_seeds":15,"stat.pickup.minecraft.torch":207,"stat.drop.minecraft.stone_axe":1,"stat.pickup.mod_lavacow.moltenbeef":2,"stat.craftItem.harvestcraft.saltitem":74,"stat.drop.harvestcraft.potitem":1,"stat.pickup.blocklings.blockling":12,"stat.mineBlock.ebwizardry.crystal_flower":6,"stat.useItem.mod_lavacow.parasite_item":1,"stat.craftItem.minecraft.iron_axe":6,"stat.killEntity.mutantbeasts.mutant_skeleton":2,"stat.pickup.mod_lavacow.cursed_fabric":3,"stat.pickup.minecraft.fishing_rod":1,"stat.useItem.minecraft.planks":67,"stat.pickup.minecraft.porkchop":2,"stat.pickup.minecraft.glass":6,"stat.pickup.minecraft.blaze_powder":2,"stat.drop.ebwizardry.magic_crystal":2,"stat.pickup.tconstruct.slimesling":1,"stat.useItem.minecraft.water_bucket":60,"stat.mineBlock.minecraft.stone_brick_stairs":81,"stat.drop.harvestcraft.stockitem":17,"stat.pickup.minecraft.sand":100,"stat.killEntity.primitivemobs.festive_creeper":4,"stat.entityKilledBy.primitivemobs.skeleton_warrior":9,"stat.pickup.minecraft.name_tag":4,"stat.mineBlock.treasure2.crate_chest_moldy":1,"stat.pickup.minecraft.wooden_hoe":1,"stat.craftItem.minecraft.cobblestone_wall":18,"stat.craftItem.minecraft.stone_sword":2,"stat.craftItem.mod_lavacow.swinearmor_boots":2,"stat.pickup.chisel.cobblestone2":2,"stat.mineBlock.minecraft.sand":94,"stat.useItem.harvestcraft.stockitem":18,"stat.craftItem.minecraft.wooden_hoe":4,"stat.craftItem.minecraft.cooked_fish":1,"stat.craftItem.harvestcraft.well":2,"stat.craftItem.spartanshields.shield_basic_wood":6,"stat.useItem.minecraft.fence_gate":1,"stat.craftItem.minecraft.birch_door":6,"stat.mineBlock.chisel.andesite1":5,"stat.craftItem.harvestcraft.watertrap":1,"stat.craftItem.ebwizardry.arcane_workbench":2,"stat.pickup.minecraft.fence_gate":2,"stat.pickup.mod_lavacow.undyingheart":2,"stat.entityKilledBy.primitivemobs.support_creeper":1,"stat.pickup.chisel.andesite1":5,"stat.useItem.minecraft.cooked_mutton":35,"stat.pickup.minecraft.furnace":18,"stat.pickup.primitivemobs.spider_egg":7,"stat.craftItem.travelersbackpack.travelers_backpack":2,"stat.pickup.minecraft.iron_chestplate":1,"stat.useItem.spartanweaponry.saber_iron":279,"stat.entityKilledBy.mutantbeasts.mutant_skeleton":12,"stat.pickup.mod_lavacow.tooth_dagger":2,"stat.craftItem.minecraft.fence_gate":4,"stat.pickup.treasure2.leaf_lock":1,"stat.pickup.mod_lavacow.pigboarhide":5,"stat.useItem.spartanweaponry.halberd_iron":129,"stat.craftItem.harvestcraft.groundtrap":2,"stat.pickup.mod_lavacow.veil_shroom":3,"stat.playOneMinute":1536730,"stat.pickup.minecraft.birch_door":2,"stat.craftItem.eplus.advanced_table":1,"stat.pickup.minecraft.netherrack":132,"stat.drop.mod_lavacow.tooth_dagger":1,"stat.craftItem.minecraft.carpet":3,"stat.mineBlock.minecraft.netherrack":55,"stat.useItem.chisel.stonebrick1":5,"stat.craftItem.harvestcraft.mixingbowlitem":2,"stat.useItem.chisel.stonebrick2":74,"stat.mineBlock.treasure2.crate_chest":3,"stat.craftItem.minecraft.golden_rail":48,"stat.craftItem.minecraft.iron_nugget":108,"stat.fallOneCm":121930,"stat.pickup.minecraft.melon_seeds":3,"stat.drop.treasure2.charm_book":1,"stat.drop.minecraft.gold_ore":1,"stat.craftItem.minecraft.chest":25,"stat.mineBlock.minecraft.lever":1,"stat.pickup.minecraft.melon":4,"stat.craftItem.harvestcraft.freshwateritem":48,"stat.mineBlock.treasure2.safe":1,"stat.craftItem.treasure2.treasure_tool":3,"stat.pickup.primitivemobs.goblin_mace":7,"stat.drop.mutantbeasts.mutant_skeleton_rib":2,"stat.useItem.minecraft.golden_rail":38,"stat.useItem.minecraft.furnace":13,"stat.drop.mod_lavacow.undyingheart":1,"stat.pickup.minecraft.iron_leggings":1,"stat.mineBlock.minecraft.gravel":97,"stat.useItem.minecraft.stone_pickaxe":1442,"stat.useItem.minecraft.stone_sword":90,"stat.craftItem.minecraft.iron_leggings":8,"stat.killEntity.primitivemobs.baby_spider":19,"stat.useItem.mod_lavacow.plagued_porkchop":1,"stat.pickup.minecraft.chainmail_boots":1,"stat.drop.treasure2.treasure_tool":1,"stat.pickup.minecraft.flint_and_steel":1,"stat.useItem.minecraft.torch":447,"stat.craftItem.harvestcraft.stockitem":75,"stat.pickup.minecraft.iron_nugget":9,"stat.craftItem.minecraft.redstone_block":8,"stat.useItem.minecraft.log":40,"stat.craftItem.minecraft.crafting_table":6,"stat.mineBlock.ebwizardry.crystal_ore":38,"stat.mineBlock.minecraft.emerald_ore":1,"stat.mineBlock.chisel.stonebrick":19,"stat.pickup.minecraft.redstone_block":1,"stat.pickup.minecraft.log":594,"stat.useItem.minecraft.cooked_fish":1,"stat.craftItem.spartanweaponry.saber_iron":4,"stat.mineBlock.minecraft.golden_rail":8,"stat.craftItem.harvestcraft.bakewareitem":2,"stat.drop.minecraft.planks":3,"stat.useItem.harvestcraft.riceseeditem":39,"stat.pickup.minecraft.sapling":290,"stat.craftItem.treasure2.thiefs_lock_pick":13,"stat.useItem.minecraft.birch_door":4,"stat.pickup.minecraft.beetroot":3,"stat.killEntity.primitivemobs.flame_spewer":1,"stat.useItem.mutantbeasts.hulk_hammer":17,"stat.useItem.minecraft.stone_hoe":122,"stat.craftItem.minecraft.sugar":3,"stat.craftItem.mutantbeasts.mutant_skeleton_boots":4,"stat.pickup.tconstruct.slime_boots":1,"stat.sneakTime":9767,"stat.mineBlock.minecraft.cobblestone_wall":30,"stat.pickup.minecraft.stone_slab":49,"stat.pickup.minecraft.yellow_flower":13,"stat.pickup.minecraft.golden_rail":10,"stat.useItem.minecraft.fishing_rod":27,"stat.pickup.minecraft.chest":8,"stat.craftItem.minecraft.enchanting_table":1,"stat.drop.minecraft.stone_pickaxe":1,"stat.pickup.minecraft.bone":49,"stat.horseOneCm":2269,"stat.pickup.chisel.planks-oak":186,"stat.craftItem.minecraft.stone_brick_stairs":96,"stat.useItem.minecraft.diamond_sword":8,"stat.craftItem.tconstruct.slimesling":2,"stat.swimOneCm":287485,"stat.climbOneCm":949,"stat.craftItem.minecraft.gold_block":4,"stat.entityKilledBy.mutantbeasts.mutant_zombie":3,"stat.useItem.minecraft.dirt":3879,"stat.pickup.minecraft.golden_helmet":3,"stat.killEntity.blockling":3,"stat.killEntity.primitivemobs.mother_spider":4,"stat.pickup.spartanweaponry.scythe_iron":3,"stat.useItem.minecraft.red_flower":1,"stat.pickup.minecraft.enchanting_table":1,"stat.craftItem.spartanshields.shield_basic_iron":3,"stat.useItem.minecraft.iron_ore":244,"stat.craftItem.minecraft.trapdoor":24,"stat.useItem.minecraft.golden_pickaxe":32,"stat.drop.minecraft.ender_pearl":1,"stat.craftItem.minecraft.stone_pickaxe":18,"stat.pickup.minecraft.cobblestone":3444,"stat.mineBlock.minecraft.redstone_block":1,"stat.useItem.minecraft.stone_shovel":2500,"stat.useItem.chisel.cobblestone":25,"stat.pickup.minecraft.glass_bottle":1,"stat.drop.minecraft.wheat_seeds":12,"stat.craftItem.minecraft.wooden_slab":48,"stat.useItem.minecraft.cooked_beef":30,"stat.pickup.minecraft.golden_pickaxe":1,"stat.pickup.harvestcraft.flaxseeditem":1,"stat.pickup.minecraft.redstone":4,"stat.mineBlock.minecraft.iron_ore":385,"stat.useItem.minecraft.sign":3,"stat.drop.minecraft.log":1,"stat.pickup.treasure2.safe":2,"stat.pickup.minecraft.mutton":52,"stat.drop.minecraft.name_tag":2,"stat.craftItem.harvestcraft.ricecakeitem":56,"stat.pickup.minecraft.wooden_axe":1,"stat.drop.mod_lavacow.glowshroom":2,"stat.pickup.minecraft.stonebrick":56,"stat.drop.minecraft.dirt":1,"stat.pickup.ebwizardry.magic_crystal":84,"stat.pickup.minecraft.iron_shovel":1,"stat.useItem.minecraft.cooked_porkchop":1,"stat.pickup.minecraft.trapdoor":2,"stat.drop.minecraft.beetroot_seeds":2,"stat.pickup.harvestcraft.shippingbin":1,"stat.entityKilledBy.primitivemobs.baby_spider":4,"stat.useItem.tconstruct.edible":1,"stat.craftItem.tconstruct.slime_boots":2,"stat.craftItem.minecraft.stone_slab2":0,"stat.killEntity.mutantbeasts.mutant_zombie":1,"stat.craftItem.minecraft.stick":632,"stat.useItem.minecraft.stone_slab":39,"stat.pickup.treasure2.charm_book":3,"stat.craftItem.minecraft.stone":587,"stat.craftItem.minecraft.gold_nugget":9,"stat.pickup.minecraft.grass":1,"stat.useItem.minecraft.diamond_pickaxe":29,"stat.useItem.minecraft.carrot":147,"stat.pickup.treasure2.crate_chest":5,"stat.useItem.minecraft.wheat":3,"stat.entityKilledBy.Creeper":5,"stat.pickup.harvestcraft.flouritem":1,"stat.useItem.spartanweaponry.scythe_iron":248,"stat.mineBlock.minecraft.planks":25,"stat.drop":195,"stat.craftItem.spartanshields.shield_basic_stone":3,"stat.craftItem.harvestcraft.potitem":4,"stat.killEntity.Sheep":30,"stat.pickup.minecraft.slime_ball":9,"stat.craftItem.minecraft.diamond_pickaxe":1,"stat.killEntity.primitivemobs.treasure_slime":25,"stat.killEntity.primitivemobs.haunted_tool":9,"stat.drop.minecraft.bread":2,"stat.pickup.minecraft.gravel":116,"stat.drop.minecraft.cooked_beef":15,"stat.useItem.minecraft.apple":19,"stat.entityKilledBy.primitivemobs.bewitched_tome":5,"stat.killEntity.primitivemobs.support_creeper":7,"stat.drop.minecraft.cooked_porkchop":7,"stat.pickup.minecraft.stone_brick_stairs":165,"stat.craftItem.travelersbackpack.backpack_tank":4,"stat.pickup.minecraft.fence":64,"stat.useItem.minecraft.wooden_hoe":5,"stat.mineBlock.treasure2.milk_crate":2,"stat.pickup.mutantbeasts.mutant_skeleton_arms":1,"stat.useItem.minecraft.stone_axe":140,"stat.craftItem.minecraft.bread":35,"stat.entityKilledBy.CaveSpider":1,"stat.pickup.minecraft.spider_eye":14,"stat.entityKilledBy.primitivemobs.mother_spider":2,"stat.killEntity.primitivemobs.goblin":9,"stat.craftItem.minecraft.iron_helmet":9,"stat.craftItem.minecraft.rail":32,"stat.drop.blocklings.blockling":2,"stat.pickup.minecraft.iron_ore":380,"stat.pickup.mod_lavacow.glowshroom":3,"stat.mineBlock.treasure2.skull_and_crossbones":1,"stat.drop.spartanweaponry.saber_iron":1,"stat.entityKilledBy.primitivemobs.haunted_tool":1,"stat.mineBlock.tconstruct.tooltables":12,"stat.craftItem.harvestcraft.riceseeditem":52,"stat.pickup.minecraft.leather":33,"stat.drop.tconstruct.cast":2,"stat.craftItem.ebwizardry.crystal_block":7,"stat.mineBlock.minecraft.furnace":15,"stat.useItem.minecraft.wooden_pickaxe":54,"stat.drop.mutantbeasts.mutant_skeleton_shoulder_pad":1,"stat.pickup.minecraft.reeds":136,"stat.killEntity.CaveSpider":1,"tombstone:undead_killed":2,"stat.craftItem.harvestcraft.doughitem":19,"stat.damageDealt":57327,"stat.craftItem.minecraft.glass":26,"stat.killEntity.bound_soul":4,"stat.sleepInBed":10,"stat.craftItem.minecraft.anvil":2,"stat.killEntity.Cow":31,"stat.pickup.minecraft.minecart":7,"stat.killEntity.Pig":1,"stat.craftItem.minecraft.iron_sword":2,"stat.craftItem.minecraft.stone_shovel":28,"stat.pickup.minecraft.boat":1,"stat.walkOneCm":4589849,"stat.playerKills":4,"stat.pickup.minecraft.stick":3,"stat.pickup.minecraft.clay_ball":72,"stat.drop.treasure2.chipped_copper_short_sword":1,"stat.mineBlock.chisel.basalt2":1,"stat.entityKilledBy.primitivemobs.trollager":1,"stat.killEntity.primitivemobs.mimic":1,"stat.craftItem.harvestcraft.mortarandpestleitem":2,"stat.craftItem.minecraft.writable_book":1,"stat.useItem.minecraft.redstone_block":7,"stat.pickup.minecraft.tnt":4,"stat.pickup.minecraft.stone":653,"stat.craftItem.minecraft.minecart":2,"stat.killEntity.Skeleton":22,"stat.pickup.mod_lavacow.sharptooth":3,"stat.killEntity.Spider":4,"stat.mineBlock.minecraft.quartz_ore":17,"stat.pickup.minecraft.bread":2,"stat.pickup.minecraft.quartz":17,"stat.craftItem.minecraft.fence":81,"stat.killEntity.mod_lavacow.scarecrow":1,"stat.useItem.minecraft.golden_apple":2,"stat.killEntity.mod_lavacow.banshee":2,"stat.pickup.minecraft.water_bucket":1,"stat.mineBlock.minecraft.leaves":95,"stat.entityKilledBy.mod_lavacow.parasite":2,"stat.entityKilledBy.primitivemobs.harpy":2,"stat.mineBlock.chisel.planks-oak":125,"stat.craftItem.minecraft.coal_block":15,"stat.craftItem.minecraft.brick":48,"stat.mineBlock.minecraft.stone":2296}