{"stat.leaveGame":12,"stat.mineBlock.ebwizardry.crystal_flower":2,"stat.useItem.mod_lavacow.parasite_item":1,"stat.craftItem.minecraft.iron_axe":4,"stat.pickup.mod_lavacow.cursed_fabric":3,"stat.pickup.minecraft.fishing_rod":1,"stat.useItem.minecraft.planks":3,"stat.pickup.minecraft.glass":6,"stat.drop.ebwizardry.magic_crystal":2,"stat.drop.minecraft.iron_sword":1,"stat.killEntity.primitivemobs.skeleton_warrior":3,"stat.pickup.minecraft.rotten_flesh":19,"stat.pickup.minecraft.sand":61,"stat.pickup.mod_lavacow.parasite_item":2,"stat.craftItem.minecraft.stone_axe":2,"stat.killEntity.primitivemobs.festive_creeper":1,"stat.entityKilledBy.primitivemobs.skeleton_warrior":4,"stat.pickup.minecraft.wooden_hoe":1,"stat.craftItem.minecraft.stone_sword":2,"stat.craftItem.minecraft.iron_shovel":2,"stat.craftItem.mod_lavacow.swinearmor_boots":2,"stat.pickup.zoocraftdiscoveries.seed_oregano":1,"stat.mineBlock.minecraft.sand":59,"stat.pickup.zoocraftdiscoveries.seed_chive":2,"stat.craftItem.minecraft.wooden_hoe":2,"stat.craftItem.minecraft.cooked_fish":1,"stat.craftItem.spartanshields.shield_basic_wood":1,"stat.pickup.zoocraftdiscoveries.gemsbok_leather":1,"stat.useItem.zoocraftdiscoveries.frogspawn":6,"stat.useItem.minecraft.iron_pickaxe":102,"stat.pickup.mod_lavacow.intestine":1,"stat.craftItem.minecraft.wooden_pickaxe":3,"stat.useItem.minecraft.iron_shovel":167,"stat.drop.minecraft.cooked_mutton":11,"stat.pickup.minecraft.double_plant":1,"stat.craftItem.minecraft.birch_door":6,"stat.craftItem.minecraft.bed":8,"stat.drop.zoocraftdiscoveries.herb_basil":2,"stat.furnaceInteraction":57,"stat.craftItem.spartanweaponry.material":4,"stat.mineBlock.chisel.andesite1":5,"stat.killEntity.zoocraftdiscoveries.gemsbok":1,"stat.pickup.chisel.andesite1":5,"stat.pickup.minecraft.beef":5,"stat.useItem.minecraft.cooked_mutton":14,"stat.pickup.minecraft.furnace":7,"stat.craftItem.travelersbackpack.travelers_backpack":2,"stat.pickup.minecraft.leather_helmet":1,"stat.useItem.minecraft.trapdoor":12,"stat.useItem.mod_lavacow.tooth_dagger":14,"stat.pickup.mod_lavacow.tooth_dagger":2,"stat.mineBlock.minecraft.fence":16,"stat.craftItem.ebwizardry.magic_wand":2,"stat.useItem.minecraft.dye":2,"stat.pickup.mod_lavacow.pigboarhide":4,"stat.deaths":18,"stat.playOneMinute":285632,"stat.pickup.minecraft.birch_door":2,"stat.craftItem.minecraft.iron_pickaxe":2,"stat.useItem.chisel.planks-oak":93,"stat.mineBlock.minecraft.tallgrass":85,"stat.craftItem.minecraft.cooked_mutton":8,"stat.fishCaught":4,"stat.pickup.minecraft.cooked_mutton":13,"stat.chestOpened":131,"stat.drop.mod_lavacow.tooth_dagger":1,"stat.useItem.primitivemobs.goblin_mace":7,"stat.pickup.minecraft.arrow":6,"stat.pickup.minecraft.iron_sword":2,"stat.mineBlock.treasure2.crate_chest":3,"stat.craftItem.minecraft.iron_nugget":90,"stat.fallOneCm":30029,"stat.pickup.minecraft.melon_seeds":3,"stat.crouchOneCm":1296,"stat.mineBlock.minecraft.chest":1,"stat.drop.minecraft.gold_ore":1,"stat.craftItem.minecraft.iron_ingot":11,"stat.craftItem.minecraft.chest":9,"stat.pickup.minecraft.melon":4,"stat.craftingTableInteraction":1,"stat.craftItem.spartanweaponry.scythe_iron":2,"stat.craftItem.treasure2.treasure_tool":2,"stat.pickup.primitivemobs.goblin_mace":2,"stat.craftItem.tconstruct.pattern":8,"stat.pickup.minecraft.wooden_pickaxe":1,"stat.drop.zoocraftdiscoveries.seed_sage":1,"stat.useItem.minecraft.furnace":3,"stat.useItem.chisel.andesite1":6,"stat.pickup.minecraft.dye":19,"stat.pickup.minecraft.planks":2,"stat.pickup.chisel.cobblestone":22,"stat.pickup.minecraft.wheat_seeds":17,"stat.useItem.minecraft.stone_pickaxe":97,"stat.craftItem.tconstruct.slime_congealed":6,"stat.useItem.minecraft.stone_sword":35,"stat.craftItem.minecraft.iron_leggings":2,"stat.craftItem.ebwizardry.wizard_handbook":2,"stat.pickup.mod_lavacow.plagued_porkchop":3,"stat.mineBlock.minecraft.dirt":327,"stat.killEntity.primitivemobs.baby_spider":8,"stat.useItem.minecraft.torch":66,"stat.useItem.minecraft.bread":3,"stat.killEntity.primitivemobs.bewitched_tome":3,"stat.useItem.minecraft.cobblestone":15,"stat.craftItem.minecraft.crafting_table":4,"stat.mineBlock.minecraft.double_plant":3,"stat.killEntity.zoocraftdiscoveries.frog":4,"stat.pickup.minecraft.log":194,"stat.useItem.minecraft.cooked_fish":1,"stat.pickup.minecraft.iron_pickaxe":2,"stat.craftItem.minecraft.gold_ingot":3,"stat.craftItem.chisel.chisel_iron":1,"stat.pickup.minecraft.sapling":73,"stat.craftItem.treasure2.thiefs_lock_pick":11,"stat.pickup.minecraft.apple":2,"stat.useItem.minecraft.birch_door":4,"stat.craftItem.minecraft.planks":316,"stat.useItem.minecraft.iron_sword":118,"stat.pickup.minecraft.stone_sword":1,"stat.craftItem.minecraft.fishing_rod":2,"stat.pickup.minecraft.book":1,"stat.mineBlock.minecraft.log":227,"stat.useItem.carryon.entity_item":12,"stat.pickup.minecraft.red_flower":10,"stat.sneakTime":1212,"stat.pickup.minecraft.wool":23,"stat.useItem.minecraft.wooden_axe":24,"stat.pickup.minecraft.stone_slab":3,"stat.pickup.minecraft.yellow_flower":3,"stat.useItem.minecraft.fishing_rod":27,"stat.pickup.minecraft.chest":1,"stat.pickup.zoocraftdiscoveries.seed_bay":2,"stat.pickup.minecraft.bone":5,"stat.useItem.minecraft.iron_axe":161,"stat.mineBlock.minecraft.cobblestone":6,"stat.pickup.chisel.planks-oak":184,"stat.mineBlock.minecraft.yellow_flower":3,"stat.craftItem.minecraft.wool":6,"stat.craftItem.tconstruct.slimesling":2,"stat.swimOneCm":56590,"stat.pickup.zoocraftdiscoveries.frogspawn":9,"stat.pickup.minecraft.enchanted_book":2,"stat.climbOneCm":520,"stat.useItem.minecraft.dirt":471,"stat.useItem.minecraft.stone_slab2":391,"stat.killEntity.primitivemobs.mother_spider":1,"stat.mineBlock.chisel.cobblestone":22,"stat.craftItem.minecraft.furnace":2,"stat.craftItem.minecraft.iron_boots":1,"stat.drop.zoocraftdiscoveries.seed_saffron":2,"stat.craftItem.minecraft.trapdoor":14,"stat.craftItem.minecraft.stone_pickaxe":2,"stat.craftItem.minecraft.cooked_beef":4,"stat.pickup.minecraft.cobblestone":104,"stat.useItem.minecraft.stone_shovel":133,"stat.flyOneCm":494496,"stat.drop.minecraft.iron_helmet":1,"stat.useItem.chisel.cobblestone":25,"stat.pickup.minecraft.fish":4,"stat.craftItem.minecraft.wooden_slab":12,"stat.useItem.minecraft.cooked_beef":4,"stat.mineBlock.minecraft.iron_ore":50,"stat.timeSinceDeath":120376,"stat.pickup.minecraft.mutton":30,"stat.craftItem.ebwizardry.magic_crystal":4,"stat.killEntity.mod_lavacow.parasite":4,"stat.pickup.minecraft.wooden_axe":1,"stat.pickup.minecraft.stonebrick":33,"stat.pickup.ebwizardry.magic_crystal":2,"stat.pickup.minecraft.trapdoor":1,"stat.mineBlock.minecraft.coal_ore":29,"stat.pickup.minecraft.string":12,"stat.entityKilledBy.primitivemobs.baby_spider":3,"stat.craftItem.tconstruct.slime_boots":2,"stat.craftItem.minecraft.stone_slab2":0,"stat.craftItem.tconstruct.tooltables":10,"stat.sprintOneCm":191394,"stat.craftItem.minecraft.stick":96,"stat.craftItem.minecraft.wooden_axe":2,"stat.useItem.carryon.tile_item":2,"stat.craftItem.minecraft.stone":1,"stat.craftItem.minecraft.gold_nugget":9,"stat.pickup.treasure2.crate_chest":3,"stat.pickup.zoocraftdiscoveries.seed_rosemary":1,"stat.entityKilledBy.Creeper":1,"stat.useItem.spartanweaponry.scythe_iron":31,"stat.mineBlock.minecraft.planks":2,"stat.drop":36,"stat.craftItem.spartanshields.shield_basic_stone":1,"stat.killEntity.Sheep":17,"stat.pickup.minecraft.slime_ball":3,"stat.pickup.zoocraftdiscoveries.seed_sage":1,"stat.killEntity.Zombie":12,"stat.craftItem.minecraft.dye":5,"stat.killEntity.primitivemobs.haunted_tool":5,"stat.mineBlock.minecraft.gold_ore":3,"stat.diveOneCm":19676,"stat.pickup.minecraft.wheat":7,"stat.pickup.tconstruct.tooltables":6,"stat.pickup.minecraft.sign":2,"stat.pickup.minecraft.stone_axe":1,"stat.useItem.minecraft.apple":2,"stat.entityKilledBy.primitivemobs.bewitched_tome":3,"stat.killEntity.primitivemobs.support_creeper":1,"stat.useItem.minecraft.rotten_flesh":8,"stat.drop.minecraft.cooked_porkchop":7,"stat.craftItem.travelersbackpack.backpack_tank":4,"stat.jump":2678,"stat.useItem.minecraft.sand":13,"stat.pickup.minecraft.fence":16,"stat.pickup.minecraft.coal":107,"stat.pickup.minecraft.iron_ingot":5,"stat.useItem.minecraft.stone_axe":68,"stat.pickup.minecraft.gunpowder":4,"stat.pickup.minecraft.spider_eye":10,"stat.craftItem.minecraft.torch":68,"stat.entityKilledBy.primitivemobs.mother_spider":2,"stat.pickup.minecraft.dirt":456,"stat.craftItem.minecraft.iron_helmet":3,"stat.pickup.zoocraftdiscoveries.herb_basil":2,"stat.pickup.minecraft.iron_ore":47,"stat.pickup.mod_lavacow.glowshroom":1,"stat.useItem.minecraft.sapling":3,"stat.pickup.minecraft.gold_ore":4,"stat.mineBlock.minecraft.lapis_ore":4,"stat.mineBlock.tconstruct.tooltables":7,"stat.damageTaken":6365,"stat.pickup.minecraft.leather":4,"stat.mineBlock.minecraft.torch":9,"stat.mineBlock.minecraft.furnace":7,"stat.mineBlock.minecraft.melon_block":1,"stat.mineBlock.minecraft.red_flower":8,"stat.useItem.minecraft.wooden_pickaxe":54,"stat.drop.zoocraftdiscoveries.seed_oregano":1,"stat.mineBlock.minecraft.sapling":3,"stat.pickup.ebwizardry.crystal_flower":2,"stat.drop.tconstruct.slimesling":1,"stat.pickup.zoocraftdiscoveries.seed_saffron":4,"stat.pickup.minecraft.bed":22,"stat.entityKilledBy.Zombie":1,"stat.drop.zoocraftdiscoveries.seed_coriander":1,"stat.damageDealt":9932,"stat.craftItem.minecraft.glass":26,"stat.sleepInBed":6,"stat.killEntity.Cow":3,"stat.craftItem.minecraft.stone_shovel":2,"stat.walkOneCm":875797,"stat.animalsBred":1,"stat.useItem.minecraft.chest":3,"stat.playerKills":2,"stat.pickup.minecraft.stick":2,"stat.pickup.zoocraftdiscoveries.seed_lemongrass":1,"stat.drop.treasure2.chipped_copper_short_sword":1,"stat.drop.zoocraftdiscoveries.seed_bay":2,"stat.useItem.minecraft.melon":4,"stat.pickup.minecraft.tnt":2,"stat.pickup.minecraft.stone":8,"stat.craftItem.minecraft.iron_chestplate":1,"stat.pickup.zoocraftdiscoveries.seed_coriander":2,"stat.killEntity.Skeleton":5,"stat.craftItem.travelersbackpack.sleeping_bag_bottom":2,"stat.pickup.mod_lavacow.sharptooth":2,"stat.mineBlock.minecraft.stonebrick":5,"stat.killEntity.Spider":2,"stat.mobKills":71,"stat.useItem.treasure2.chipped_copper_short_sword":3,"stat.craftItem.minecraft.shears":1,"stat.killEntity.mod_lavacow.scarecrow":1,"stat.mineBlock.minecraft.leaves":58,"stat.entityKilledBy.mod_lavacow.parasite":1,"stat.pickup.minecraft.torch":16,"stat.mineBlock.chisel.planks-oak":125,"stat.drop.minecraft.stone_axe":1,"stat.mineBlock.minecraft.stone":111}