{"stat.leaveGame":6,"stat.craftItem.minecraft.iron_axe":2,"stat.drop.minecraft.iron_sword":1,"stat.killEntity.primitivemobs.skeleton_warrior":2,"stat.pickup.minecraft.rotten_flesh":11,"stat.pickup.minecraft.sand":20,"stat.craftItem.minecraft.stone_axe":2,"stat.killEntity.primitivemobs.festive_creeper":1,"stat.entityKilledBy.primitivemobs.skeleton_warrior":4,"stat.pickup.minecraft.wooden_hoe":1,"stat.craftItem.minecraft.stone_sword":2,"stat.craftItem.minecraft.iron_shovel":2,"stat.pickup.zoocraftdiscoveries.seed_oregano":1,"stat.mineBlock.minecraft.sand":20,"stat.craftItem.minecraft.wooden_hoe":2,"stat.craftItem.spartanshields.shield_basic_wood":1,"stat.useItem.minecraft.iron_pickaxe":91,"stat.pickup.mod_lavacow.intestine":1,"stat.craftItem.minecraft.wooden_pickaxe":3,"stat.useItem.minecraft.iron_shovel":127,"stat.drop.minecraft.cooked_mutton":11,"stat.pickup.minecraft.double_plant":1,"stat.craftItem.minecraft.birch_door":6,"stat.craftItem.minecraft.bed":8,"stat.drop.zoocraftdiscoveries.herb_basil":2,"stat.furnaceInteraction":30,"stat.craftItem.spartanweaponry.material":4,"stat.mineBlock.chisel.andesite1":5,"stat.pickup.chisel.andesite1":5,"stat.pickup.minecraft.beef":5,"stat.useItem.minecraft.cooked_mutton":10,"stat.pickup.minecraft.furnace":7,"stat.pickup.minecraft.leather_helmet":1,"stat.useItem.minecraft.trapdoor":11,"stat.useItem.mod_lavacow.tooth_dagger":14,"stat.pickup.mod_lavacow.tooth_dagger":2,"stat.mineBlock.minecraft.fence":16,"stat.useItem.minecraft.dye":2,"stat.pickup.mod_lavacow.pigboarhide":3,"stat.deaths":18,"stat.playOneMinute":180174,"stat.pickup.minecraft.birch_door":2,"stat.craftItem.minecraft.iron_pickaxe":2,"stat.useItem.chisel.planks-oak":93,"stat.mineBlock.minecraft.tallgrass":72,"stat.craftItem.minecraft.cooked_mutton":4,"stat.pickup.minecraft.cooked_mutton":13,"stat.chestOpened":65,"stat.drop.mod_lavacow.tooth_dagger":1,"stat.useItem.primitivemobs.goblin_mace":7,"stat.pickup.minecraft.arrow":6,"stat.pickup.minecraft.iron_sword":2,"stat.fallOneCm":25555,"stat.pickup.minecraft.melon_seeds":3,"stat.crouchOneCm":823,"stat.mineBlock.minecraft.chest":1,"stat.drop.minecraft.gold_ore":1,"stat.craftItem.minecraft.iron_ingot":7,"stat.craftItem.minecraft.chest":9,"stat.pickup.minecraft.melon":4,"stat.craftingTableInteraction":1,"stat.craftItem.spartanweaponry.scythe_iron":2,"stat.pickup.primitivemobs.goblin_mace":2,"stat.craftItem.tconstruct.pattern":8,"stat.pickup.minecraft.wooden_pickaxe":1,"stat.drop.zoocraftdiscoveries.seed_sage":1,"stat.useItem.minecraft.furnace":3,"stat.useItem.chisel.andesite1":6,"stat.pickup.minecraft.dye":19,"stat.pickup.chisel.cobblestone":22,"stat.pickup.minecraft.wheat_seeds":17,"stat.useItem.minecraft.stone_pickaxe":97,"stat.useItem.minecraft.stone_sword":35,"stat.pickup.mod_lavacow.plagued_porkchop":1,"stat.mineBlock.minecraft.dirt":288,"stat.killEntity.primitivemobs.baby_spider":7,"stat.useItem.minecraft.torch":65,"stat.killEntity.primitivemobs.bewitched_tome":3,"stat.useItem.minecraft.cobblestone":10,"stat.craftItem.minecraft.crafting_table":4,"stat.mineBlock.minecraft.double_plant":2,"stat.pickup.minecraft.log":141,"stat.pickup.minecraft.iron_pickaxe":1,"stat.craftItem.chisel.chisel_iron":1,"stat.pickup.minecraft.sapling":38,"stat.pickup.minecraft.apple":2,"stat.useItem.minecraft.birch_door":4,"stat.craftItem.minecraft.planks":304,"stat.useItem.minecraft.iron_sword":63,"stat.pickup.minecraft.stone_sword":1,"stat.pickup.minecraft.book":1,"stat.mineBlock.minecraft.log":160,"stat.useItem.carryon.entity_item":8,"stat.pickup.minecraft.red_flower":1,"stat.sneakTime":464,"stat.pickup.minecraft.wool":18,"stat.useItem.minecraft.wooden_axe":24,"stat.pickup.minecraft.chest":1,"stat.pickup.zoocraftdiscoveries.seed_bay":2,"stat.pickup.minecraft.bone":4,"stat.useItem.minecraft.iron_axe":138,"stat.mineBlock.minecraft.cobblestone":6,"stat.pickup.chisel.planks-oak":184,"stat.craftItem.minecraft.wool":6,"stat.swimOneCm":46739,"stat.pickup.minecraft.enchanted_book":2,"stat.useItem.minecraft.dirt":238,"stat.useItem.minecraft.stone_slab2":76,"stat.killEntity.primitivemobs.mother_spider":1,"stat.mineBlock.chisel.cobblestone":22,"stat.craftItem.minecraft.furnace":2,"stat.craftItem.minecraft.iron_boots":1,"stat.drop.zoocraftdiscoveries.seed_saffron":2,"stat.craftItem.minecraft.trapdoor":12,"stat.craftItem.minecraft.stone_pickaxe":2,"stat.pickup.minecraft.cobblestone":97,"stat.useItem.minecraft.stone_shovel":133,"stat.flyOneCm":127917,"stat.drop.minecraft.iron_helmet":1,"stat.useItem.chisel.cobblestone":25,"stat.craftItem.minecraft.wooden_slab":12,"stat.mineBlock.minecraft.iron_ore":50,"stat.timeSinceDeath":14918,"stat.pickup.minecraft.mutton":30,"stat.killEntity.mod_lavacow.parasite":3,"stat.pickup.minecraft.wooden_axe":1,"stat.pickup.minecraft.stonebrick":29,"stat.mineBlock.minecraft.coal_ore":29,"stat.pickup.minecraft.string":10,"stat.entityKilledBy.primitivemobs.baby_spider":3,"stat.craftItem.minecraft.stone_slab2":0,"stat.craftItem.tconstruct.tooltables":10,"stat.sprintOneCm":145311,"stat.craftItem.minecraft.stick":80,"stat.craftItem.minecraft.wooden_axe":2,"stat.pickup.zoocraftdiscoveries.seed_rosemary":1,"stat.entityKilledBy.Creeper":1,"stat.useItem.spartanweaponry.scythe_iron":25,"stat.drop":25,"stat.craftItem.spartanshields.shield_basic_stone":1,"stat.killEntity.Sheep":17,"stat.pickup.zoocraftdiscoveries.seed_sage":1,"stat.killEntity.Zombie":9,"stat.craftItem.minecraft.dye":5,"stat.killEntity.primitivemobs.haunted_tool":4,"stat.mineBlock.minecraft.gold_ore":3,"stat.diveOneCm":16018,"stat.pickup.minecraft.wheat":5,"stat.pickup.tconstruct.tooltables":6,"stat.pickup.minecraft.stone_axe":1,"stat.useItem.minecraft.apple":1,"stat.entityKilledBy.primitivemobs.bewitched_tome":3,"stat.killEntity.primitivemobs.support_creeper":1,"stat.useItem.minecraft.rotten_flesh":4,"stat.jump":1627,"stat.pickup.minecraft.fence":16,"stat.pickup.minecraft.coal":107,"stat.useItem.minecraft.stone_axe":68,"stat.pickup.minecraft.gunpowder":4,"stat.pickup.minecraft.spider_eye":7,"stat.craftItem.minecraft.torch":68,"stat.entityKilledBy.primitivemobs.mother_spider":2,"stat.pickup.minecraft.dirt":403,"stat.craftItem.minecraft.iron_helmet":3,"stat.pickup.zoocraftdiscoveries.herb_basil":2,"stat.pickup.minecraft.iron_ore":47,"stat.useItem.minecraft.sapling":3,"stat.pickup.minecraft.gold_ore":4,"stat.mineBlock.minecraft.lapis_ore":4,"stat.mineBlock.tconstruct.tooltables":7,"stat.damageTaken":5688,"stat.pickup.minecraft.leather":4,"stat.mineBlock.minecraft.torch":7,"stat.mineBlock.minecraft.furnace":7,"stat.mineBlock.minecraft.melon_block":1,"stat.useItem.minecraft.wooden_pickaxe":54,"stat.drop.zoocraftdiscoveries.seed_oregano":1,"stat.mineBlock.minecraft.sapling":3,"stat.pickup.zoocraftdiscoveries.seed_saffron":4,"stat.pickup.minecraft.bed":22,"stat.entityKilledBy.Zombie":1,"stat.drop.zoocraftdiscoveries.seed_coriander":1,"stat.damageDealt":7460,"stat.sleepInBed":3,"stat.killEntity.Cow":3,"stat.craftItem.minecraft.stone_shovel":2,"stat.walkOneCm":646023,"stat.animalsBred":1,"stat.useItem.minecraft.chest":3,"stat.playerKills":1,"stat.pickup.zoocraftdiscoveries.seed_lemongrass":1,"stat.drop.zoocraftdiscoveries.seed_bay":2,"stat.useItem.minecraft.melon":4,"stat.pickup.minecraft.stone":7,"stat.craftItem.minecraft.iron_chestplate":1,"stat.pickup.zoocraftdiscoveries.seed_coriander":2,"stat.killEntity.Skeleton":4,"stat.pickup.mod_lavacow.sharptooth":2,"stat.killEntity.Spider":2,"stat.mobKills":57,"stat.mineBlock.minecraft.leaves":48,"stat.entityKilledBy.mod_lavacow.parasite":1,"stat.pickup.minecraft.torch":12,"stat.mineBlock.chisel.planks-oak":125,"stat.drop.minecraft.stone_axe":1,"stat.mineBlock.minecraft.stone":105}