{"stat.chestOpened":6,"stat.walkOneCm":21729,"stat.useItem.spartanweaponry.katana_iron":2,"stat.damageTaken":130,"stat.killEntity.Spider":1,"stat.pickup.chisel.planks-oak":1,"stat.pickup.minecraft.bread":1,"stat.mobKills":1,"stat.pickup.spartanweaponry.katana_iron":1,"stat.mineBlock.minecraft.log":5,"stat.pickup.minecraft.dye":3,"stat.pickup.minecraft.string":2,"stat.pickup.minecraft.log":5,"stat.flyOneCm":1217,"stat.jump":70,"stat.swimOneCm":362,"stat.playOneMinute":5661,"stat.pickup.minecraft.iron_helmet":1,"stat.fallOneCm":418,"stat.damageDealt":160,"stat.timeSinceDeath":5661,"stat.pickup.minecraft.sapling":2,"stat.sprintOneCm":6972,"stat.pickup.minecraft.iron_chestplate":1,"stat.pickup.minecraft.apple":2,"stat.pickup.minecraft.iron_boots":1}