{"stat.chestOpened":23,"stat.drop.minecraft.stone_pickaxe":1,"stat.craftItem.minecraft.sign":6,"stat.pickup.minecraft.sign":1,"stat.pickup.minecraft.gravel":2,"stat.leaveGame":2,"stat.pickup.chisel.planks-oak":5,"stat.useItem.minecraft.apple":2,"stat.jump":804,"stat.swimOneCm":26726,"stat.pickup.minecraft.iron_helmet":1,"stat.pickup.minecraft.coal":33,"stat.fallOneCm":8878,"stat.useItem.minecraft.planks":89,"stat.useItem.minecraft.stone_axe":50,"stat.crouchOneCm":1189,"stat.craftItem.minecraft.iron_ingot":21,"stat.pickup.minecraft.dirt":20,"stat.useItem.minecraft.dirt":12,"stat.useItem.minecraft.stone_slab2":23,"stat.pickup.minecraft.iron_boots":1,"stat.pickup.minecraft.iron_ore":16,"stat.pickup.minecraft.sand":20,"stat.useItem.minecraft.glass":19,"stat.craftItem.minecraft.stone_axe":2,"stat.damageTaken":300,"stat.craftItem.minecraft.stone_pickaxe":2,"stat.mineBlock.minecraft.torch":3,"stat.pickup.minecraft.cobblestone":62,"stat.pickup.spartanweaponry.katana_iron":1,"stat.pickup.minecraft.dye":3,"stat.pickup.minecraft.planks":24,"stat.flyOneCm":14552,"stat.craftItem.minecraft.birch_fence":12,"stat.useItem.minecraft.birch_fence":8,"stat.mineBlock.minecraft.sand":22,"stat.mineBlock.minecraft.gravel":3,"stat.useItem.minecraft.stone_pickaxe":115,"stat.mineBlock.minecraft.glass":1,"stat.craftItem.minecraft.iron_leggings":2,"stat.craftItem.minecraft.cooked_fish":1,"stat.damageDealt":721,"stat.craftItem.minecraft.glass":21,"stat.mineBlock.minecraft.iron_ore":17,"stat.sleepInBed":2,"stat.timeSinceDeath":37636,"stat.mineBlock.minecraft.dirt":20,"stat.useItem.minecraft.sign":3,"stat.pickup.minecraft.mutton":7,"stat.walkOneCm":206684,"stat.useItem.minecraft.bread":1,"stat.mineBlock.minecraft.birch_fence":10,"stat.furnaceInteraction":30,"stat.mineBlock.minecraft.coal_ore":33,"stat.craftItem.minecraft.birch_fence_gate":2,"stat.pickup.minecraft.string":2,"stat.pickup.minecraft.log":62,"stat.pickup.minecraft.stone":3,"stat.pickup.minecraft.sapling":29,"stat.sprintOneCm":93716,"stat.pickup.minecraft.iron_chestplate":1,"stat.pickup.minecraft.apple":2,"stat.craftItem.minecraft.stick":24,"stat.craftItem.minecraft.planks":92,"stat.useItem.spartanweaponry.katana_iron":9,"stat.killEntity.Spider":1,"stat.pickup.minecraft.bread":1,"stat.mobKills":7,"stat.mineBlock.minecraft.log":68,"stat.pickup.minecraft.birch_fence":10,"stat.useItem.carryon.entity_item":5,"stat.deaths":1,"stat.mineBlock.minecraft.planks":23,"stat.drop":1,"stat.mineBlock.minecraft.leaves":13,"stat.playOneMinute":76058,"stat.pickup.minecraft.torch":3,"stat.killEntity.Sheep":5,"stat.sneakTime":1314,"stat.pickup.minecraft.wool":5,"stat.mineBlock.chisel.planks-oak":4,"stat.useItem.chisel.planks-oak":2,"stat.mineBlock.minecraft.stone":60,"stat.mineBlock.minecraft.tallgrass":5,"stat.diveOneCm":8708}