{"stat.chestOpened":17,"stat.drop.minecraft.stone_pickaxe":1,"stat.walkOneCm":112348,"stat.pickup.minecraft.gravel":2,"stat.pickup.chisel.planks-oak":1,"stat.furnaceInteraction":19,"stat.useItem.minecraft.apple":2,"stat.mineBlock.minecraft.coal_ore":33,"stat.pickup.minecraft.string":2,"stat.pickup.minecraft.log":56,"stat.jump":534,"stat.swimOneCm":25625,"stat.pickup.minecraft.iron_helmet":1,"stat.pickup.minecraft.coal":33,"stat.fallOneCm":5212,"stat.useItem.minecraft.stone_axe":20,"stat.pickup.minecraft.stone":3,"stat.craftItem.minecraft.iron_ingot":21,"stat.pickup.minecraft.sapling":24,"stat.pickup.minecraft.dirt":2,"stat.sprintOneCm":48120,"stat.pickup.minecraft.iron_chestplate":1,"stat.pickup.minecraft.apple":2,"stat.pickup.minecraft.iron_boots":1,"stat.craftItem.minecraft.stick":8,"stat.pickup.minecraft.iron_ore":16,"stat.craftItem.minecraft.planks":44,"stat.craftItem.minecraft.stone_axe":2,"stat.useItem.spartanweaponry.katana_iron":9,"stat.killEntity.Spider":1,"stat.damageTaken":272,"stat.pickup.minecraft.bread":1,"stat.craftItem.minecraft.stone_pickaxe":2,"stat.mobKills":7,"stat.pickup.minecraft.cobblestone":62,"stat.pickup.spartanweaponry.katana_iron":1,"stat.mineBlock.minecraft.log":62,"stat.pickup.minecraft.dye":3,"stat.flyOneCm":12179,"stat.deaths":1,"stat.drop":1,"stat.mineBlock.minecraft.leaves":13,"stat.playOneMinute":42561,"stat.mineBlock.minecraft.gravel":3,"stat.useItem.minecraft.stone_pickaxe":115,"stat.killEntity.Sheep":5,"stat.craftItem.minecraft.iron_leggings":2,"stat.pickup.minecraft.wool":5,"stat.damageDealt":701,"stat.mineBlock.minecraft.iron_ore":17,"stat.timeSinceDeath":4139,"stat.mineBlock.minecraft.dirt":2,"stat.mineBlock.minecraft.stone":60,"stat.mineBlock.minecraft.tallgrass":5,"stat.diveOneCm":8708,"stat.pickup.minecraft.mutton":7}