{"stat.pickup.minecraft.wooden_slab":4,"stat.leaveGame":4,"stat.mineBlock.ebwizardry.crystal_flower":11,"stat.craftItem.minecraft.iron_axe":1,"stat.pickup.ebwizardry.spell_book":2,"stat.pickup.mod_lavacow.cursed_fabric":1,"stat.pickup.minecraft.fishing_rod":1,"stat.useItem.minecraft.water_bucket":11,"stat.killEntity.primitivemobs.skeleton_warrior":4,"stat.mineBlock.minecraft.stone_brick_stairs":14,"stat.pickup.minecraft.rotten_flesh":22,"stat.pickup.minecraft.sand":4,"stat.entityKilledBy.Spider":1,"stat.craftItem.minecraft.stone_axe":1,"stat.entityKilledBy.primitivemobs.skeleton_warrior":6,"stat.pickup.spartanweaponry.katana_iron":1,"stat.craftItem.minecraft.iron_shovel":1,"stat.pickup.chisel.cobblestone2":1,"stat.mineBlock.minecraft.sand":1,"stat.craftItem.minecraft.cooked_fish":8,"stat.pickup.chisel.chisel_iron":1,"stat.useItem.minecraft.spider_eye":2,"stat.craftItem.spartanshields.shield_basic_wood":1,"stat.useItem.zoocraftdiscoveries.frogspawn":5,"stat.useItem.minecraft.iron_pickaxe":384,"stat.craftItem.minecraft.wooden_pickaxe":1,"stat.useItem.minecraft.iron_shovel":187,"stat.pickup.mod_lavacow.ectoplasm":2,"stat.pickup.minecraft.double_plant":1,"stat.useItem.ebwizardry.magic_wand":1,"stat.craftItem.minecraft.bed":4,"stat.mineBlock.chisel.marble2":138,"stat.furnaceInteraction":168,"stat.pickup.minecraft.beef":3,"stat.useItem.minecraft.cooked_mutton":16,"stat.entityKilledBy.primitivemobs.goblin":2,"stat.craftItem.travelersbackpack.travelers_backpack":2,"stat.drop.minecraft.fishing_rod":1,"stat.useItem.minecraft.fence":26,"stat.pickup.treasure2.ember_lock":1,"stat.useItem.mod_lavacow.tooth_dagger":38,"stat.pickup.mod_lavacow.tooth_dagger":2,"stat.mineBlock.minecraft.fence":11,"stat.craftItem.ebwizardry.magic_wand":1,"stat.useItem.minecraft.wheat_seeds":49,"stat.useItem.minecraft.dye":7,"stat.useItem.minecraft.beef":3,"stat.deaths":24,"stat.playOneMinute":369601,"stat.pickup.minecraft.birch_door":7,"stat.craftItem.minecraft.iron_pickaxe":1,"stat.useItem.chisel.planks-oak":357,"stat.drop.minecraft.iron_ingot":9,"stat.pickup.chisel.marble2":138,"stat.mineBlock.minecraft.tallgrass":15,"stat.craftItem.minecraft.cooked_mutton":16,"stat.fishCaught":9,"stat.pickup.minecraft.cooked_mutton":3,"stat.chestOpened":238,"stat.useItem.primitivemobs.goblin_mace":38,"stat.drop.mod_lavacow.tooth_dagger":1,"stat.pickup.minecraft.pumpkin":6,"stat.useItem.minecraft.fish":1,"stat.useItem.minecraft.stone":3,"stat.pickup.minecraft.arrow":5,"stat.pickup.minecraft.iron_sword":1,"stat.drop.treasure2.iron_key":1,"stat.useItem.ebwizardry.crystal_flower":1,"stat.craftItem.minecraft.coal":6,"stat.fallOneCm":107391,"stat.pickup.minecraft.melon_seeds":1,"stat.crouchOneCm":49983,"stat.craftItem.minecraft.iron_ingot":90,"stat.useItem.mod_lavacow.mimic_claw_cooked":1,"stat.craftItem.minecraft.chest":1,"stat.pickup.mod_lavacow.swinearmor_boots":1,"stat.pickup.primitivemobs.goblin_mace":3,"stat.useItem.chisel.marble2":1,"stat.drop.minecraft.bone":1,"stat.craftItem.minecraft.wooden_sword":2,"stat.pickup.minecraft.planks":5,"stat.pickup.chisel.limestone2":5,"stat.pickup.minecraft.wheat_seeds":51,"stat.mineBlock.minecraft.gravel":51,"stat.useItem.minecraft.stone_pickaxe":115,"stat.craftItem.minecraft.iron_leggings":1,"stat.pickup.mod_lavacow.plagued_porkchop":1,"stat.mineBlock.minecraft.dirt":235,"stat.killEntity.primitivemobs.baby_spider":3,"stat.useItem.mod_lavacow.plagued_porkchop":1,"stat.mineBlock.minecraft.monster_egg":1,"stat.useItem.minecraft.torch":37,"stat.useItem.minecraft.bread":20,"stat.killEntity.primitivemobs.bewitched_tome":1,"stat.craftItem.minecraft.redstone_block":5,"stat.drop.minecraft.rotten_flesh":2,"stat.useItem.minecraft.log":2,"stat.useItem.minecraft.cobblestone":40,"stat.craftItem.minecraft.crafting_table":1,"stat.useItem.minecraft.gravel":17,"stat.mineBlock.minecraft.double_plant":1,"stat.craftItem.minecraft.boat":1,"stat.pickup.minecraft.log":299,"stat.useItem.minecraft.cooked_fish":8,"stat.pickup.minecraft.iron_pickaxe":1,"stat.craftItem.chisel.chisel_iron":2,"stat.pickup.minecraft.sapling":137,"stat.pickup.minecraft.apple":10,"stat.useItem.minecraft.birch_door":3,"stat.craftItem.minecraft.bucket":1,"stat.craftItem.minecraft.planks":520,"stat.useItem.minecraft.iron_sword":69,"stat.useItem.spartanweaponry.katana_iron":6,"stat.craftItem.minecraft.fishing_rod":1,"stat.useItem.minecraft.stonebrick":7,"stat.mineBlock.minecraft.log":319,"stat.useItem.carryon.entity_item":48,"stat.useItem.minecraft.stone_hoe":29,"stat.pickup.minecraft.red_flower":2,"stat.useItem.minecraft.beetroot_seeds":2,"stat.pickup.mod_lavacow.mimic_claw_cooked":1,"stat.sneakTime":15417,"stat.pickup.minecraft.wool":22,"stat.drop.minecraft.bucket":1,"stat.useItem.minecraft.wooden_axe":48,"stat.pickup.minecraft.stone_slab":37,"stat.useItem.minecraft.fishing_rod":33,"stat.pickup.zoocraftdiscoveries.seed_bay":1,"stat.pickup.minecraft.tripwire_hook":1,"stat.pickup.minecraft.bone":8,"stat.horseOneCm":1836,"stat.useItem.minecraft.iron_axe":66,"stat.mineBlock.minecraft.pumpkin":6,"stat.pickup.chisel.planks-oak":100,"stat.pickup.minecraft.stone_pickaxe":2,"stat.pickup.minecraft.flint":3,"stat.craftItem.minecraft.stone_brick_stairs":144,"stat.craftItem.spartanshields.shield_basic_gold":1,"stat.craftItem.minecraft.wool":1,"stat.swimOneCm":148431,"stat.pickup.zoocraftdiscoveries.frogspawn":11,"stat.pickup.minecraft.enchanted_book":1,"stat.mineBlock.chisel.cobblestone2":1,"stat.useItem.minecraft.dirt":236,"stat.useItem.minecraft.cookie":1,"stat.useItem.minecraft.stone_slab2":98,"stat.killEntity.primitivemobs.mother_spider":1,"stat.craftItem.minecraft.iron_boots":1,"stat.craftItem.minecraft.stone_pickaxe":1,"stat.craftItem.minecraft.cooked_beef":1,"stat.pickup.minecraft.cobblestone":174,"stat.mineBlock.chisel.limestone2":5,"stat.flyOneCm":665624,"stat.pickup.minecraft.fish":10,"stat.useItem.minecraft.cooked_beef":1,"stat.mineBlock.minecraft.iron_ore":19,"stat.timeSinceDeath":34884,"stat.pickup.minecraft.mutton":14,"stat.craftItem.ebwizardry.magic_crystal":16,"stat.craftItem.minecraft.stonebrick":220,"stat.pickup.travelersbackpack.travelers_backpack":2,"stat.pickup.minecraft.wooden_axe":1,"stat.pickup.minecraft.stonebrick":8,"stat.drop.minecraft.dirt":1,"stat.useItem.minecraft.cooked_porkchop":9,"stat.pickup.minecraft.trapdoor":1,"stat.mineBlock.minecraft.coal_ore":84,"stat.craftItem.minecraft.stone_hoe":1,"stat.pickup.minecraft.string":5,"stat.entityKilledBy.primitivemobs.brain_slime":1,"stat.entityKilledBy.Skeleton":1,"stat.craftItem.minecraft.stone_slab2":0,"stat.sprintOneCm":543929,"stat.mineBlock.minecraft.stone_slab":40,"stat.craftItem.minecraft.stick":56,"stat.craftItem.minecraft.wooden_axe":1,"stat.useItem.minecraft.stone_slab":40,"stat.useItem.carryon.tile_item":8,"stat.craftItem.minecraft.stone":223,"stat.craftItem.minecraft.gold_nugget":9,"stat.pickup.zoocraftdiscoveries.seed_rosemary":1,"stat.pickup.minecraft.leather_leggings":2,"stat.mineBlock.minecraft.planks":5,"stat.drop":19,"stat.useItem.minecraft.wooden_sword":27,"stat.killEntity.Sheep":8,"stat.drop.ebwizardry.crystal_flower":1,"stat.killEntity.primitivemobs.treasure_slime":1,"stat.killEntity.Zombie":7,"stat.craftItem.minecraft.dye":14,"stat.diveOneCm":71045,"stat.pickup.minecraft.wheat":24,"stat.pickup.tconstruct.tooltables":1,"stat.pickup.minecraft.gravel":46,"stat.craftItem.minecraft.cooked_porkchop":25,"stat.useItem.minecraft.apple":4,"stat.entityKilledBy.primitivemobs.bewitched_tome":1,"stat.useItem.minecraft.rotten_flesh":11,"stat.pickup.minecraft.stone_brick_stairs":14,"stat.craftItem.travelersbackpack.backpack_tank":2,"stat.jump":4302,"stat.useItem.minecraft.wooden_hoe":44,"stat.pickup.minecraft.fence":11,"stat.pickup.minecraft.coal":86,"stat.pickup.minecraft.iron_helmet":1,"stat.pickup.minecraft.iron_ingot":9,"stat.useItem.minecraft.stone_axe":109,"stat.craftItem.minecraft.bread":7,"stat.mineBlock.treasure2.gold_strongbox":2,"stat.pickup.minecraft.spider_eye":2,"stat.craftItem.minecraft.torch":60,"stat.killEntity.primitivemobs.goblin":1,"stat.pickup.minecraft.dirt":312,"stat.drop.minecraft.glass":6,"stat.pickup.minecraft.iron_ore":21,"stat.useItem.minecraft.glass":14,"stat.boatOneCm":29594,"stat.useItem.minecraft.sapling":25,"stat.craftItem.minecraft.flint_and_steel":1,"stat.pickup.minecraft.cookie":1,"stat.mineBlock.tconstruct.tooltables":1,"stat.damageTaken":10488,"stat.pickup.minecraft.leather":3,"stat.useItem.minecraft.stone_brick_stairs":140,"stat.mineBlock.minecraft.red_flower":3,"stat.mineBlock.minecraft.torch":12,"stat.useItem.minecraft.wooden_pickaxe":2,"stat.mineBlock.minecraft.sapling":4,"stat.pickup.ebwizardry.crystal_flower":12,"stat.pickup.minecraft.bed":6,"stat.entityKilledBy.Zombie":6,"stat.pickup.treasure2.gold_strongbox":2,"stat.damageDealt":6593,"stat.craftItem.minecraft.glass":20,"stat.sleepInBed":9,"stat.killEntity.Silverfish":1,"stat.killEntity.Cow":2,"stat.craftItem.minecraft.stone_slab":48,"stat.pickup.minecraft.boat":1,"stat.walkOneCm":827882,"stat.pickup.minecraft.stick":3,"stat.pickup.zoocraftdiscoveries.seed_lemongrass":2,"stat.pickup.minecraft.stone":9,"stat.craftItem.minecraft.iron_chestplate":1,"stat.killEntity.mod_lavacow.undeadswine":1,"stat.drop.minecraft.wooden_slab":2,"stat.killEntity.Skeleton":1,"stat.craftItem.travelersbackpack.sleeping_bag_bottom":1,"stat.mineBlock.minecraft.stonebrick":8,"stat.killEntity.Spider":1,"stat.pickup.minecraft.bread":18,"stat.drop.primitivemobs.goblin_mace":2,"stat.mobKills":34,"stat.craftItem.minecraft.shears":1,"stat.craftItem.minecraft.fence":27,"stat.entityKilledBy.bound_soul":1,"stat.useItem.minecraft.boat":2,"stat.mineBlock.minecraft.leaves":44,"stat.pickup.minecraft.beetroot_seeds":3,"stat.pickup.minecraft.torch":17,"stat.useItem.chisel.cobblestone2":19,"stat.mineBlock.chisel.planks-oak":96,"stat.mineBlock.minecraft.stone":181}