{"stat.pickup.zoocraftdiscoveries.seed_bay":1,"stat.pickup.minecraft.bone":5,"stat.pickup.minecraft.wooden_slab":4,"stat.useItem.minecraft.iron_axe":38,"stat.leaveGame":1,"stat.mineBlock.minecraft.pumpkin":1,"stat.mineBlock.ebwizardry.crystal_flower":10,"stat.pickup.chisel.planks-oak":100,"stat.pickup.minecraft.stone_pickaxe":1,"stat.craftItem.minecraft.iron_axe":1,"stat.craftItem.minecraft.stone_brick_stairs":96,"stat.pickup.ebwizardry.spell_book":1,"stat.pickup.mod_lavacow.cursed_fabric":1,"stat.swimOneCm":116863,"stat.pickup.minecraft.enchanted_book":1,"stat.useItem.minecraft.dirt":75,"stat.useItem.minecraft.cookie":1,"stat.useItem.minecraft.stone_slab2":58,"stat.killEntity.primitivemobs.skeleton_warrior":3,"stat.mineBlock.minecraft.stone_brick_stairs":3,"stat.pickup.minecraft.rotten_flesh":18,"stat.pickup.minecraft.sand":2,"stat.craftItem.minecraft.stone_axe":1,"stat.entityKilledBy.primitivemobs.skeleton_warrior":6,"stat.craftItem.minecraft.iron_boots":1,"stat.craftItem.minecraft.stone_pickaxe":1,"stat.pickup.minecraft.cobblestone":136,"stat.pickup.spartanweaponry.katana_iron":1,"stat.flyOneCm":440706,"stat.craftItem.minecraft.iron_shovel":1,"stat.mineBlock.minecraft.sand":1,"stat.mineBlock.minecraft.iron_ore":11,"stat.timeSinceDeath":52459,"stat.useItem.minecraft.spider_eye":2,"stat.useItem.minecraft.iron_pickaxe":134,"stat.craftItem.minecraft.wooden_pickaxe":1,"stat.pickup.minecraft.mutton":14,"stat.useItem.minecraft.iron_shovel":79,"stat.pickup.mod_lavacow.ectoplasm":2,"stat.pickup.minecraft.double_plant":1,"stat.craftItem.minecraft.bed":3,"stat.craftItem.minecraft.stonebrick":128,"stat.pickup.minecraft.wooden_axe":1,"stat.furnaceInteraction":93,"stat.mineBlock.minecraft.coal_ore":33,"stat.pickup.minecraft.string":5,"stat.entityKilledBy.primitivemobs.brain_slime":1,"stat.pickup.minecraft.beef":3,"stat.useItem.minecraft.cooked_mutton":15,"stat.craftItem.minecraft.stone_slab2":0,"stat.entityKilledBy.primitivemobs.goblin":2,"stat.sprintOneCm":320632,"stat.useItem.minecraft.fence":26,"stat.craftItem.minecraft.stick":44,"stat.craftItem.minecraft.wooden_axe":1,"stat.useItem.mod_lavacow.tooth_dagger":28,"stat.craftItem.minecraft.stone":149,"stat.pickup.mod_lavacow.tooth_dagger":2,"stat.mineBlock.minecraft.fence":11,"stat.pickup.zoocraftdiscoveries.seed_rosemary":1,"stat.pickup.minecraft.leather_leggings":2,"stat.useItem.minecraft.beef":3,"stat.deaths":20,"stat.drop":12,"stat.playOneMinute":215077,"stat.useItem.minecraft.wooden_sword":27,"stat.pickup.minecraft.birch_door":6,"stat.killEntity.Sheep":8,"stat.drop.ebwizardry.crystal_flower":1,"stat.useItem.chisel.planks-oak":357,"stat.killEntity.primitivemobs.treasure_slime":1,"stat.killEntity.Zombie":5,"stat.craftItem.minecraft.dye":2,"stat.drop.minecraft.iron_ingot":4,"stat.mineBlock.minecraft.tallgrass":11,"stat.craftItem.minecraft.cooked_mutton":15,"stat.diveOneCm":43776,"stat.pickup.minecraft.cooked_mutton":3,"stat.chestOpened":114,"stat.useItem.primitivemobs.goblin_mace":38,"stat.drop.mod_lavacow.tooth_dagger":1,"stat.pickup.tconstruct.tooltables":1,"stat.pickup.minecraft.pumpkin":1,"stat.pickup.minecraft.arrow":2,"stat.pickup.minecraft.iron_sword":1,"stat.useItem.minecraft.apple":3,"stat.entityKilledBy.primitivemobs.bewitched_tome":1,"stat.craftItem.minecraft.coal":6,"stat.useItem.minecraft.rotten_flesh":10,"stat.pickup.minecraft.stone_brick_stairs":3,"stat.jump":2805,"stat.useItem.minecraft.wooden_hoe":44,"stat.pickup.minecraft.fence":11,"stat.pickup.minecraft.coal":35,"stat.pickup.minecraft.iron_helmet":1,"stat.fallOneCm":74902,"stat.pickup.minecraft.iron_ingot":8,"stat.pickup.minecraft.melon_seeds":1,"stat.useItem.minecraft.stone_axe":109,"stat.crouchOneCm":36668,"stat.pickup.minecraft.spider_eye":2,"stat.craftItem.minecraft.torch":48,"stat.craftItem.minecraft.iron_ingot":40,"stat.pickup.minecraft.dirt":223,"stat.pickup.minecraft.iron_ore":13,"stat.useItem.minecraft.glass":14,"stat.useItem.minecraft.sapling":25,"stat.pickup.minecraft.cookie":1,"stat.mineBlock.tconstruct.tooltables":1,"stat.pickup.primitivemobs.goblin_mace":2,"stat.damageTaken":7829,"stat.pickup.minecraft.leather":3,"stat.useItem.minecraft.stone_brick_stairs":95,"stat.drop.minecraft.bone":1,"stat.mineBlock.minecraft.red_flower":2,"stat.mineBlock.minecraft.torch":10,"stat.useItem.minecraft.wooden_pickaxe":2,"stat.mineBlock.minecraft.sapling":4,"stat.craftItem.minecraft.wooden_sword":2,"stat.pickup.ebwizardry.crystal_flower":11,"stat.pickup.minecraft.planks":1,"stat.pickup.minecraft.bed":4,"stat.pickup.minecraft.wheat_seeds":2,"stat.entityKilledBy.Zombie":5,"stat.useItem.minecraft.stone_pickaxe":53,"stat.craftItem.minecraft.iron_leggings":1,"stat.damageDealt":5110,"stat.craftItem.minecraft.glass":20,"stat.sleepInBed":6,"stat.pickup.mod_lavacow.plagued_porkchop":1,"stat.killEntity.Cow":2,"stat.mineBlock.minecraft.dirt":131,"stat.killEntity.primitivemobs.baby_spider":3,"stat.useItem.mod_lavacow.plagued_porkchop":1,"stat.walkOneCm":481025,"stat.useItem.minecraft.torch":27,"stat.useItem.minecraft.bread":17,"stat.killEntity.primitivemobs.bewitched_tome":1,"stat.pickup.minecraft.stick":2,"stat.drop.minecraft.rotten_flesh":1,"stat.useItem.minecraft.log":2,"stat.useItem.minecraft.cobblestone":6,"stat.craftItem.minecraft.crafting_table":1,"stat.mineBlock.minecraft.double_plant":1,"stat.pickup.minecraft.log":147,"stat.pickup.minecraft.iron_pickaxe":1,"stat.pickup.minecraft.stone":4,"stat.craftItem.minecraft.iron_chestplate":1,"stat.killEntity.mod_lavacow.undeadswine":1,"stat.craftItem.chisel.chisel_iron":2,"stat.pickup.minecraft.sapling":53,"stat.drop.minecraft.wooden_slab":2,"stat.pickup.minecraft.apple":7,"stat.useItem.minecraft.birch_door":3,"stat.craftItem.minecraft.planks":520,"stat.useItem.minecraft.iron_sword":46,"stat.useItem.spartanweaponry.katana_iron":3,"stat.killEntity.Spider":1,"stat.pickup.minecraft.bread":18,"stat.drop.primitivemobs.goblin_mace":2,"stat.mobKills":27,"stat.useItem.minecraft.stonebrick":7,"stat.mineBlock.minecraft.log":167,"stat.craftItem.minecraft.fence":27,"stat.entityKilledBy.bound_soul":1,"stat.useItem.carryon.entity_item":31,"stat.mineBlock.minecraft.leaves":23,"stat.pickup.minecraft.torch":14,"stat.pickup.minecraft.red_flower":1,"stat.sneakTime":10032,"stat.pickup.minecraft.wool":9,"stat.mineBlock.chisel.planks-oak":96,"stat.useItem.minecraft.wooden_axe":25,"stat.mineBlock.minecraft.stone":138}