{"stat.pickup.minecraft.wooden_slab":4,"stat.leaveGame":5,"stat.mineBlock.ebwizardry.crystal_flower":12,"stat.craftItem.minecraft.iron_axe":1,"stat.killEntity.zoocraftdiscoveries.chinchilla":4,"stat.pickup.ebwizardry.spell_book":2,"stat.pickup.mutantbeasts.mutant_skeleton_pelvis":3,"stat.pickup.mod_lavacow.cursed_fabric":1,"stat.pickup.minecraft.fishing_rod":1,"stat.useItem.minecraft.planks":10,"stat.mineBlock.treasure2.gravestone2_polished_diorite":1,"stat.useItem.minecraft.water_bucket":15,"stat.killEntity.primitivemobs.skeleton_warrior":4,"stat.mineBlock.minecraft.stone_brick_stairs":15,"stat.pickup.minecraft.rotten_flesh":26,"stat.pickup.minecraft.sand":4,"stat.entityKilledBy.Spider":1,"stat.useItem.chisel.marble":210,"stat.craftItem.minecraft.stone_axe":3,"stat.entityKilledBy.primitivemobs.rocket_creeper":1,"stat.entityKilledBy.primitivemobs.skeleton_warrior":6,"stat.pickup.spartanweaponry.katana_iron":1,"stat.craftItem.minecraft.iron_shovel":2,"stat.pickup.chisel.cobblestone2":1,"stat.mineBlock.minecraft.sand":1,"stat.craftItem.minecraft.cooked_fish":8,"stat.pickup.chisel.chisel_iron":1,"stat.useItem.minecraft.spider_eye":2,"stat.craftItem.spartanshields.shield_basic_wood":1,"stat.useItem.zoocraftdiscoveries.frogspawn":5,"stat.useItem.minecraft.iron_pickaxe":490,"stat.pickup.mod_lavacow.intestine":3,"stat.craftItem.minecraft.wooden_pickaxe":1,"stat.mineBlock.chisel.planks-spruce":24,"stat.useItem.minecraft.iron_shovel":305,"stat.pickup.mod_lavacow.ectoplasm":2,"stat.pickup.minecraft.double_plant":3,"stat.useItem.ebwizardry.magic_wand":1,"stat.craftItem.minecraft.birch_door":3,"stat.craftItem.minecraft.bed":6,"stat.mineBlock.chisel.marble2":138,"stat.mineBlock.chisel.marble1":3,"stat.furnaceInteraction":203,"stat.mineBlock.minecraft.birch_stairs":22,"stat.mineBlock.treasure2.gravestone2_obsidian":1,"stat.pickup.minecraft.beef":20,"stat.useItem.minecraft.cooked_mutton":21,"stat.entityKilledBy.primitivemobs.goblin":2,"stat.craftItem.travelersbackpack.travelers_backpack":2,"stat.drop.minecraft.fishing_rod":1,"stat.useItem.minecraft.fence":26,"stat.pickup.treasure2.ember_lock":1,"stat.entityKilledBy.mutantbeasts.mutant_skeleton":5,"stat.useItem.mod_lavacow.tooth_dagger":45,"stat.pickup.mod_lavacow.tooth_dagger":2,"stat.mineBlock.minecraft.fence":11,"stat.craftItem.ebwizardry.magic_wand":1,"stat.useItem.minecraft.flint_and_steel":5,"stat.useItem.minecraft.wheat_seeds":86,"stat.useItem.minecraft.dye":24,"stat.useItem.minecraft.beef":3,"stat.deaths":32,"stat.killEntity.primitivemobs.rocket_creeper":1,"stat.playOneMinute":564402,"stat.pickup.minecraft.birch_door":7,"stat.craftItem.minecraft.iron_pickaxe":1,"stat.useItem.chisel.planks-oak":357,"stat.drop.minecraft.iron_ingot":9,"stat.pickup.chisel.marble1":3,"stat.pickup.chisel.marble2":138,"stat.mineBlock.minecraft.tallgrass":23,"stat.craftItem.minecraft.cooked_mutton":29,"stat.fishCaught":9,"stat.pickup.minecraft.cooked_mutton":3,"stat.chestOpened":354,"stat.useItem.primitivemobs.goblin_mace":38,"stat.drop.mod_lavacow.tooth_dagger":1,"stat.pickup.minecraft.pumpkin":6,"stat.mineBlock.chisel.planks-birch":35,"stat.useItem.minecraft.fish":1,"stat.useItem.minecraft.stone":4,"stat.pickup.minecraft.arrow":9,"stat.pickup.minecraft.iron_sword":1,"stat.drop.treasure2.iron_key":1,"stat.useItem.ebwizardry.crystal_flower":1,"stat.craftItem.minecraft.coal":36,"stat.fallOneCm":186013,"stat.pickup.minecraft.melon_seeds":1,"stat.pickup.mutantbeasts.mutant_skeleton_skull":2,"stat.crouchOneCm":121824,"stat.craftItem.minecraft.iron_ingot":94,"stat.useItem.mod_lavacow.mimic_claw_cooked":2,"stat.craftItem.minecraft.chest":9,"stat.pickup.mod_lavacow.swinearmor_boots":1,"stat.craftingTableInteraction":27,"stat.pickup.primitivemobs.goblin_mace":3,"stat.drop.mutantbeasts.mutant_skeleton_rib":2,"stat.useItem.chisel.marble1":3,"stat.useItem.chisel.marble2":1,"stat.drop.minecraft.bone":1,"stat.craftItem.minecraft.wooden_sword":2,"stat.pickup.minecraft.planks":29,"stat.pickup.minecraft.iron_leggings":1,"stat.pickup.chisel.limestone2":6,"stat.pickup.minecraft.wheat_seeds":90,"stat.mineBlock.minecraft.gravel":53,"stat.useItem.minecraft.stone_pickaxe":165,"stat.craftItem.minecraft.birch_stairs":160,"stat.useItem.chisel.planks-spruce":131,"stat.craftItem.minecraft.iron_leggings":1,"stat.pickup.mod_lavacow.plagued_porkchop":1,"stat.mineBlock.minecraft.dirt":392,"stat.killEntity.primitivemobs.baby_spider":3,"stat.useItem.mod_lavacow.plagued_porkchop":1,"stat.mineBlock.minecraft.monster_egg":1,"stat.useItem.minecraft.torch":88,"stat.useItem.minecraft.bread":32,"stat.killEntity.primitivemobs.bewitched_tome":1,"stat.craftItem.minecraft.redstone_block":5,"stat.drop.minecraft.rotten_flesh":2,"stat.useItem.minecraft.log":2,"stat.useItem.minecraft.cobblestone":69,"stat.craftItem.minecraft.crafting_table":3,"stat.useItem.minecraft.gravel":18,"stat.mineBlock.minecraft.double_plant":2,"stat.craftItem.minecraft.boat":4,"stat.pickup.minecraft.log":392,"stat.useItem.minecraft.cooked_fish":8,"stat.pickup.minecraft.iron_pickaxe":2,"stat.pickup.chisel.planks-spruce":24,"stat.craftItem.chisel.chisel_iron":4,"stat.pickup.minecraft.sapling":151,"stat.pickup.minecraft.apple":14,"stat.pickup.zoocraftdiscoveries.chinchilla_leather":8,"stat.drop.mutantbeasts.mutant_skeleton_pelvis":1,"stat.useItem.minecraft.birch_door":3,"stat.pickup.minecraft.beetroot":1,"stat.craftItem.minecraft.bucket":2,"stat.craftItem.minecraft.planks":1500,"stat.useItem.minecraft.iron_sword":109,"stat.useItem.spartanweaponry.katana_iron":44,"stat.craftItem.minecraft.fishing_rod":1,"stat.mineBlock.mod_lavacow.glowshroom":1,"stat.useItem.minecraft.stonebrick":7,"stat.mineBlock.minecraft.log":415,"stat.useItem.carryon.entity_item":64,"stat.useItem.minecraft.stone_hoe":73,"stat.pickup.minecraft.red_flower":2,"stat.useItem.minecraft.beetroot_seeds":3,"stat.pickup.mutantbeasts.mutant_skeleton_limb":8,"stat.pickup.mod_lavacow.mimic_claw_cooked":1,"stat.sneakTime":38978,"stat.pickup.minecraft.wool":45,"stat.pickup.treasure2.gravestone2_obsidian":1,"stat.drop.minecraft.bucket":1,"stat.useItem.minecraft.wooden_axe":48,"stat.pickup.minecraft.stone_slab":37,"stat.useItem.minecraft.fishing_rod":33,"stat.useItem.minecraft.beetroot":1,"stat.pickup.zoocraftdiscoveries.seed_bay":1,"stat.pickup.minecraft.tripwire_hook":1,"stat.pickup.minecraft.bone":9,"stat.horseOneCm":2444,"stat.useItem.minecraft.iron_axe":112,"stat.mineBlock.minecraft.pumpkin":6,"stat.mineBlock.minecraft.cobblestone":5,"stat.pickup.chisel.planks-oak":100,"stat.pickup.minecraft.stone_pickaxe":2,"stat.pickup.minecraft.flint":3,"stat.craftItem.minecraft.stone_brick_stairs":144,"stat.craftItem.spartanshields.shield_basic_gold":1,"stat.craftItem.minecraft.wool":1,"stat.swimOneCm":182618,"stat.pickup.zoocraftdiscoveries.frogspawn":11,"stat.pickup.minecraft.enchanted_book":1,"stat.mineBlock.chisel.cobblestone2":1,"stat.mineBlock.minecraft.spruce_stairs":1,"stat.pickup.mutantbeasts.mutant_skeleton_chestplate":1,"stat.pickup.chisel.marble":83,"stat.mineBlock.chisel.marble":86,"stat.useItem.minecraft.dirt":417,"stat.useItem.minecraft.cookie":1,"stat.useItem.minecraft.stone_slab2":143,"stat.killEntity.primitivemobs.mother_spider":1,"stat.craftItem.minecraft.furnace":1,"stat.craftItem.minecraft.iron_boots":1,"stat.craftItem.minecraft.stone_pickaxe":1,"stat.craftItem.minecraft.cooked_beef":18,"stat.pickup.minecraft.cobblestone":228,"stat.pickup.mutantbeasts.mutant_skeleton_rib":12,"stat.mineBlock.chisel.limestone2":7,"stat.flyOneCm":1041854,"stat.useItem.chisel.limestone2":1,"stat.pickup.minecraft.fish":10,"stat.useItem.minecraft.cooked_beef":12,"stat.mineBlock.minecraft.iron_ore":23,"stat.timeSinceDeath":323,"stat.pickup.minecraft.mutton":43,"stat.mineBlock.treasure2.gravestone1_polished_diorite":1,"stat.craftItem.ebwizardry.magic_crystal":16,"stat.craftItem.minecraft.stonebrick":220,"stat.pickup.travelersbackpack.travelers_backpack":5,"stat.pickup.minecraft.wooden_axe":1,"stat.pickup.minecraft.stonebrick":8,"stat.drop.minecraft.dirt":1,"stat.useItem.minecraft.cooked_porkchop":17,"stat.pickup.minecraft.trapdoor":1,"stat.mineBlock.minecraft.coal_ore":84,"stat.craftItem.minecraft.stone_hoe":1,"stat.pickup.minecraft.string":8,"stat.entityKilledBy.primitivemobs.brain_slime":1,"stat.pickup.treasure2.gravestone1_polished_diorite":1,"stat.craftItem.spartanweaponry.boomerang_wood":1,"stat.entityKilledBy.Skeleton":1,"stat.craftItem.minecraft.stone_slab2":0,"stat.pickup.minecraft.birch_stairs":20,"stat.sprintOneCm":874286,"stat.mineBlock.minecraft.stone_slab":40,"stat.craftItem.minecraft.stick":76,"stat.craftItem.minecraft.wooden_axe":1,"stat.useItem.minecraft.stone_slab":45,"stat.useItem.carryon.tile_item":8,"stat.craftItem.minecraft.stone":223,"stat.craftItem.minecraft.gold_nugget":9,"stat.pickup.mutantbeasts.mutant_skeleton_boots":1,"stat.pickup.zoocraftdiscoveries.seed_rosemary":1,"stat.pickup.minecraft.leather_leggings":2,"stat.mineBlock.minecraft.planks":15,"stat.drop":24,"stat.useItem.minecraft.wooden_sword":27,"stat.killEntity.Sheep":28,"stat.pickup.minecraft.slime_ball":4,"stat.drop.ebwizardry.crystal_flower":1,"stat.killEntity.primitivemobs.treasure_slime":1,"stat.useItem.minecraft.melon_seeds":2,"stat.killEntity.Zombie":10,"stat.craftItem.minecraft.dye":36,"stat.useItem.minecraft.birch_stairs":52,"stat.pickup.primitivemobs.camouflage_dye":1,"stat.diveOneCm":209044,"stat.pickup.minecraft.wheat":48,"stat.pickup.tconstruct.tooltables":1,"stat.pickup.minecraft.gravel":48,"stat.craftItem.minecraft.cooked_porkchop":25,"stat.pickup.minecraft.stone_axe":1,"stat.useItem.minecraft.apple":8,"stat.entityKilledBy.primitivemobs.bewitched_tome":1,"stat.useItem.minecraft.rotten_flesh":17,"stat.pickup.minecraft.stone_brick_stairs":14,"stat.craftItem.travelersbackpack.backpack_tank":2,"stat.jump":6848,"stat.useItem.minecraft.wooden_hoe":44,"stat.pickup.minecraft.fence":11,"stat.pickup.minecraft.coal":86,"stat.pickup.minecraft.iron_helmet":1,"stat.pickup.minecraft.iron_ingot":9,"stat.pickup.mutantbeasts.mutant_skeleton_arms":1,"stat.useItem.minecraft.stone_axe":199,"stat.craftItem.minecraft.bread":15,"stat.mineBlock.treasure2.gold_strongbox":2,"stat.pickup.minecraft.spider_eye":3,"stat.craftItem.minecraft.torch":112,"stat.killEntity.primitivemobs.goblin":1,"stat.useItem.spartanweaponry.boomerang_wood":30,"stat.pickup.minecraft.dirt":462,"stat.drop.minecraft.glass":6,"stat.pickup.minecraft.iron_ore":25,"stat.useItem.minecraft.glass":14,"stat.pickup.mod_lavacow.glowshroom":1,"stat.pickup.chisel.planks-birch":28,"stat.boatOneCm":56924,"stat.mineBlock.treasure2.skull_and_crossbones":1,"stat.useItem.minecraft.sapling":26,"stat.craftItem.minecraft.flint_and_steel":1,"stat.pickup.minecraft.cookie":1,"stat.mineBlock.tconstruct.tooltables":1,"stat.damageTaken":14800,"stat.pickup.minecraft.leather":11,"stat.useItem.minecraft.stone_brick_stairs":140,"stat.mineBlock.minecraft.red_flower":3,"stat.mineBlock.minecraft.torch":13,"stat.useItem.minecraft.wooden_pickaxe":2,"stat.mineBlock.minecraft.sapling":5,"stat.pickup.ebwizardry.crystal_flower":13,"stat.pickup.minecraft.bed":6,"stat.craftItem.mod_lavacow.mimic_claw_cooked":1,"stat.entityKilledBy.Zombie":6,"stat.pickup.treasure2.gold_strongbox":2,"stat.damageDealt":11637,"stat.craftItem.minecraft.glass":20,"stat.sleepInBed":10,"stat.killEntity.Silverfish":1,"stat.killEntity.Cow":10,"stat.craftItem.minecraft.stone_slab":54,"stat.pickup.minecraft.boat":4,"stat.walkOneCm":1280884,"stat.playerKills":2,"stat.useItem.minecraft.chest":1,"stat.pickup.minecraft.stick":3,"stat.pickup.zoocraftdiscoveries.seed_lemongrass":2,"stat.useItem.minecraft.lava_bucket":2,"stat.pickup.minecraft.stone":13,"stat.useItem.minecraft.spruce_stairs":25,"stat.craftItem.minecraft.iron_chestplate":1,"stat.killEntity.mod_lavacow.undeadswine":1,"stat.drop.minecraft.wooden_slab":2,"stat.killEntity.Skeleton":3,"stat.craftItem.travelersbackpack.sleeping_bag_bottom":1,"stat.pickup.mod_lavacow.sharptooth":1,"stat.mineBlock.minecraft.stonebrick":8,"stat.useItem.chisel.planks-birch":141,"stat.killEntity.Spider":3,"stat.pickup.zoocraftdiscoveries.seed_thyme":1,"stat.pickup.minecraft.bread":18,"stat.drop.primitivemobs.goblin_mace":2,"stat.mobKills":74,"stat.craftItem.minecraft.shears":1,"stat.craftItem.minecraft.fence":27,"stat.entityKilledBy.bound_soul":1,"stat.useItem.minecraft.boat":6,"stat.mineBlock.minecraft.leaves":53,"stat.pickup.minecraft.beetroot_seeds":8,"stat.pickup.minecraft.torch":18,"stat.pickup.minecraft.spruce_stairs":1,"stat.entityKilledBy.primitivemobs.harpy":1,"stat.useItem.chisel.cobblestone2":19,"stat.mineBlock.chisel.planks-oak":96,"stat.drop.minecraft.stone_axe":1,"stat.craftItem.minecraft.spruce_stairs":256,"stat.drop.mutantbeasts.mutant_skeleton_limb":1,"stat.mineBlock.minecraft.stone":226}