{"stat.pickup.minecraft.wooden_slab":4,"stat.leaveGame":6,"stat.killEntity.zoocraftdiscoveries.chinchilla":5,"stat.pickup.ebwizardry.spell_book":2,"stat.pickup.mutantbeasts.mutant_skeleton_pelvis":3,"stat.mineBlock.treasure2.gravestone2_polished_diorite":1,"stat.killEntity.primitivemobs.skeleton_warrior":4,"stat.pickup.minecraft.rotten_flesh":34,"stat.pickup.mod_lavacow.parasite_item":1,"stat.useItem.chisel.marble":210,"stat.craftItem.minecraft.stone_axe":3,"stat.entityKilledBy.primitivemobs.rocket_creeper":2,"stat.craftItem.minecraft.iron_shovel":2,"stat.drop.spartanweaponry.boomerang_iron":1,"stat.pickup.chisel.chisel_iron":1,"stat.drop.treasure2.iron_ring":1,"stat.useItem.minecraft.spider_eye":2,"stat.useItem.zoocraftdiscoveries.frogspawn":5,"stat.useItem.minecraft.iron_pickaxe":942,"stat.pickup.mod_lavacow.intestine":5,"stat.craftItem.minecraft.wooden_pickaxe":1,"stat.useItem.minecraft.iron_shovel":305,"stat.pickup.minecraft.double_plant":3,"stat.useItem.ebwizardry.magic_wand":1,"stat.craftItem.minecraft.bed":6,"stat.mineBlock.chisel.marble2":245,"stat.mineBlock.chisel.marble1":3,"stat.furnaceInteraction":224,"stat.killEntity.ZombieVillager":1,"stat.pickup.minecraft.beef":26,"stat.entityKilledBy.primitivemobs.goblin":5,"stat.useItem.minecraft.fence":26,"stat.pickup.treasure2.ember_lock":1,"stat.useItem.mod_lavacow.tooth_dagger":83,"stat.mineBlock.minecraft.fence":11,"stat.craftItem.ebwizardry.magic_wand":1,"stat.useItem.minecraft.flint_and_steel":5,"stat.useItem.minecraft.wheat_seeds":110,"stat.pickup.minecraft.emerald":5,"stat.useItem.minecraft.dye":43,"stat.useItem.minecraft.beef":3,"stat.deaths":71,"stat.killEntity.primitivemobs.rocket_creeper":1,"stat.craftItem.minecraft.iron_pickaxe":3,"stat.useItem.chisel.planks-oak":357,"stat.drop.minecraft.iron_ingot":9,"stat.pickup.chisel.marble1":3,"stat.pickup.chisel.marble2":240,"stat.mineBlock.minecraft.tallgrass":26,"stat.craftItem.minecraft.cooked_mutton":29,"stat.fishCaught":9,"stat.pickup.minecraft.cooked_mutton":3,"stat.chestOpened":487,"stat.useItem.primitivemobs.goblin_mace":38,"stat.mineBlock.chisel.planks-birch":35,"stat.useItem.minecraft.stone":14,"stat.pickup.minecraft.arrow":16,"stat.pickup.minecraft.iron_sword":1,"stat.drop.treasure2.iron_key":1,"stat.craftItem.minecraft.coal":36,"stat.drop.minecraft.iron_pickaxe":3,"stat.pickup.mutantbeasts.mutant_skeleton_skull":3,"stat.crouchOneCm":161124,"stat.pickup.minecraft.rail":5,"stat.craftItem.minecraft.iron_ingot":94,"stat.useItem.mod_lavacow.mimic_claw_cooked":2,"stat.craftingTableInteraction":41,"stat.useItem.chisel.marble1":3,"stat.useItem.chisel.marble2":1,"stat.pickup.treasure2.iron_ring":1,"stat.craftItem.minecraft.wooden_sword":2,"stat.pickup.minecraft.dye":9,"stat.pickup.minecraft.planks":45,"stat.pickup.chisel.limestone2":13,"stat.entityKilledBy.primitivemobs.flame_spewer":4,"stat.pickup.minecraft.wheat_seeds":117,"stat.pickup.mod_lavacow.plagued_porkchop":1,"stat.mineBlock.minecraft.dirt":411,"stat.pickup.tconstruct.pattern":8,"stat.useItem.minecraft.bread":37,"stat.killEntity.primitivemobs.bewitched_tome":1,"stat.drop.minecraft.rotten_flesh":2,"stat.useItem.minecraft.cobblestone":107,"stat.useItem.minecraft.gravel":18,"stat.mineBlock.minecraft.double_plant":2,"stat.pickup.zoocraftdiscoveries.seed_dill":1,"stat.pickup.minecraft.iron_pickaxe":5,"stat.craftItem.chisel.chisel_iron":4,"stat.pickup.minecraft.apple":14,"stat.drop.mutantbeasts.mutant_skeleton_pelvis":1,"stat.craftItem.minecraft.bucket":2,"stat.craftItem.minecraft.planks":1708,"stat.useItem.minecraft.iron_sword":110,"stat.craftItem.minecraft.fishing_rod":1,"stat.useItem.minecraft.stonebrick":7,"stat.mineBlock.minecraft.log":415,"stat.useItem.carryon.entity_item":68,"stat.pickup.minecraft.red_flower":2,"stat.pickup.mutantbeasts.mutant_skeleton_limb":8,"stat.pickup.mod_lavacow.mimic_claw_cooked":1,"stat.pickup.minecraft.wool":46,"stat.useItem.minecraft.wooden_axe":48,"stat.pickup.zoocraftdiscoveries.seed_bay":1,"stat.pickup.minecraft.tripwire_hook":1,"stat.useItem.minecraft.iron_axe":112,"stat.mineBlock.minecraft.pumpkin":6,"stat.mineBlock.minecraft.cobblestone":7,"stat.pickup.minecraft.stone_pickaxe":2,"stat.pickup.minecraft.flint":3,"stat.craftItem.spartanshields.shield_basic_gold":1,"stat.craftItem.minecraft.wool":1,"stat.pickup.minecraft.enchanted_book":1,"stat.mineBlock.chisel.cobblestone2":1,"stat.pickup.mutantbeasts.mutant_skeleton_chestplate":1,"stat.mineBlock.chisel.marble":86,"stat.useItem.minecraft.cookie":1,"stat.useItem.minecraft.stone_slab2":181,"stat.craftItem.minecraft.furnace":1,"stat.craftItem.minecraft.iron_boots":1,"stat.craftItem.minecraft.cooked_beef":24,"stat.mineBlock.minecraft.obsidian":18,"stat.pickup.mutantbeasts.mutant_skeleton_rib":12,"stat.flyOneCm":1326755,"stat.pickup.minecraft.fish":10,"stat.timeSinceDeath":5651,"stat.mineBlock.treasure2.gravestone1_polished_diorite":1,"stat.craftItem.ebwizardry.magic_crystal":16,"stat.killEntity.Bat":1,"stat.craftItem.minecraft.stonebrick":220,"stat.pickup.travelersbackpack.travelers_backpack":9,"stat.pickup.minecraft.chainmail_helmet":1,"stat.mineBlock.minecraft.coal_ore":136,"stat.craftItem.minecraft.stone_hoe":1,"stat.pickup.minecraft.string":11,"stat.craftItem.spartanweaponry.boomerang_wood":1,"stat.entityKilledBy.Skeleton":3,"stat.useItem.zoocraftdiscoveries.seed_thyme":1,"stat.pickup.minecraft.birch_stairs":20,"stat.sprintOneCm":1170799,"stat.mineBlock.minecraft.stone_slab":40,"stat.craftItem.minecraft.wooden_axe":1,"stat.useItem.carryon.tile_item":12,"stat.mineBlock.minecraft.diamond_ore":8,"stat.pickup.zoocraftdiscoveries.seed_rosemary":1,"stat.pickup.minecraft.leather_leggings":2,"stat.entityKilledBy.primitivemobs.mimic":1,"stat.useItem.minecraft.wooden_sword":27,"stat.drop.ebwizardry.crystal_flower":1,"stat.killEntity.Zombie":19,"stat.craftItem.minecraft.dye":57,"stat.useItem.minecraft.birch_stairs":52,"stat.mineBlock.minecraft.gold_ore":22,"stat.diveOneCm":220765,"stat.pickup.minecraft.wheat":63,"stat.pickup.tconstruct.tooltables":1,"stat.craftItem.minecraft.cooked_porkchop":25,"stat.pickup.minecraft.stone_axe":1,"stat.pickup.minecraft.obsidian":18,"stat.useItem.minecraft.rotten_flesh":22,"stat.jump":8468,"stat.pickup.minecraft.coal":151,"stat.pickup.minecraft.iron_ingot":13,"stat.pickup.minecraft.gunpowder":1,"stat.mineBlock.treasure2.gold_strongbox":2,"stat.craftItem.minecraft.torch":260,"stat.useItem.spartanweaponry.boomerang_wood":55,"stat.pickup.minecraft.dirt":490,"stat.useItem.minecraft.glass":14,"stat.useItem.minecraft.sapling":26,"stat.pickup.minecraft.gold_ore":21,"stat.mineBlock.minecraft.lapis_ore":1,"stat.pickup.minecraft.cookie":1,"stat.damageTaken":28413,"stat.useItem.minecraft.stone_brick_stairs":140,"stat.mineBlock.minecraft.red_flower":3,"stat.mineBlock.minecraft.torch":29,"stat.mineBlock.minecraft.sapling":5,"stat.pickup.minecraft.ender_eye":3,"stat.pickup.ebwizardry.crystal_flower":13,"stat.pickup.minecraft.bed":6,"stat.craftItem.mod_lavacow.mimic_claw_cooked":1,"stat.entityKilledBy.Zombie":8,"stat.pickup.treasure2.gold_strongbox":2,"stat.killEntity.Silverfish":2,"stat.craftItem.minecraft.stone_slab":54,"stat.useItem.minecraft.chest":4,"stat.useItem.minecraft.lava_bucket":2,"stat.pickup.mod_lavacow.mimic_claw":1,"stat.craftItem.minecraft.iron_chestplate":1,"stat.killEntity.mod_lavacow.undeadswine":1,"stat.pickup.minecraft.ender_pearl":5,"stat.drop.minecraft.wooden_slab":2,"stat.pickup.minecraft.cooked_beef":9,"stat.craftItem.travelersbackpack.sleeping_bag_bottom":1,"stat.mineBlock.minecraft.stonebrick":8,"stat.useItem.chisel.planks-birch":141,"stat.pickup.zoocraftdiscoveries.seed_thyme":4,"stat.drop.primitivemobs.goblin_mace":2,"stat.mobKills":103,"stat.craftItem.minecraft.shears":1,"stat.useItem.minecraft.boat":6,"stat.pickup.minecraft.diamond":8,"stat.pickup.minecraft.beetroot_seeds":13,"stat.pickup.minecraft.torch":83,"stat.drop.primitivemobs.spider_egg":1,"stat.drop.minecraft.stone_axe":1,"stat.craftItem.minecraft.spruce_stairs":256,"stat.mineBlock.ebwizardry.crystal_flower":12,"stat.useItem.mod_lavacow.parasite_item":1,"stat.craftItem.minecraft.iron_axe":1,"stat.pickup.mod_lavacow.cursed_fabric":1,"stat.pickup.minecraft.fishing_rod":1,"stat.useItem.minecraft.planks":10,"stat.drop.tconstruct.slime_boots":1,"stat.drop.ebwizardry.magic_crystal":3,"stat.useItem.minecraft.water_bucket":15,"stat.mineBlock.minecraft.stone_brick_stairs":15,"stat.pickup.minecraft.sand":5,"stat.entityKilledBy.Spider":2,"stat.entityKilledBy.primitivemobs.skeleton_warrior":14,"stat.pickup.spartanweaponry.katana_iron":1,"stat.pickup.chisel.cobblestone2":1,"stat.mineBlock.minecraft.sand":4,"stat.useItem.mod_lavacow.mimic_claw":1,"stat.craftItem.minecraft.cooked_fish":8,"stat.craftItem.spartanshields.shield_basic_wood":1,"stat.mineBlock.chisel.planks-spruce":24,"stat.pickup.mod_lavacow.ectoplasm":2,"stat.craftItem.minecraft.birch_door":3,"stat.mineBlock.minecraft.birch_stairs":22,"stat.mineBlock.treasure2.gravestone2_obsidian":1,"stat.useItem.minecraft.cooked_mutton":29,"stat.pickup.primitivemobs.spider_egg":1,"stat.craftItem.travelersbackpack.travelers_backpack":2,"stat.drop.minecraft.fishing_rod":1,"stat.entityKilledBy.mutantbeasts.mutant_skeleton":9,"stat.pickup.mod_lavacow.tooth_dagger":2,"stat.playOneMinute":723000,"stat.pickup.minecraft.birch_door":7,"stat.killEntity.mod_lavacow.raven":1,"stat.drop.mod_lavacow.tooth_dagger":1,"stat.pickup.minecraft.pumpkin":6,"stat.useItem.minecraft.fish":1,"stat.useItem.ebwizardry.crystal_flower":1,"stat.fallOneCm":241988,"stat.pickup.minecraft.melon_seeds":1,"stat.craftItem.minecraft.chest":9,"stat.pickup.mod_lavacow.swinearmor_boots":1,"stat.pickup.primitivemobs.goblin_mace":3,"stat.drop.mutantbeasts.mutant_skeleton_rib":2,"stat.pickup.minecraft.feather":1,"stat.drop.minecraft.bone":1,"stat.pickup.minecraft.iron_leggings":1,"stat.mineBlock.minecraft.gravel":53,"stat.useItem.minecraft.stone_pickaxe":165,"stat.craftItem.minecraft.birch_stairs":160,"stat.useItem.chisel.planks-spruce":131,"stat.craftItem.minecraft.iron_leggings":1,"stat.useItem.minecraft.wool":1,"stat.killEntity.primitivemobs.baby_spider":3,"stat.useItem.mod_lavacow.plagued_porkchop":1,"stat.craftItem.minecraft.leather":2,"stat.mineBlock.minecraft.monster_egg":1,"stat.useItem.minecraft.torch":221,"stat.craftItem.minecraft.redstone_block":5,"stat.useItem.minecraft.log":2,"stat.craftItem.minecraft.crafting_table":3,"stat.craftItem.minecraft.boat":4,"stat.mineBlock.ebwizardry.crystal_ore":7,"stat.mineBlock.minecraft.emerald_ore":3,"stat.pickup.minecraft.log":399,"stat.useItem.minecraft.cooked_fish":8,"stat.pickup.treasure2.silver_ring":2,"stat.pickup.chisel.planks-spruce":24,"stat.pickup.minecraft.sapling":151,"stat.pickup.zoocraftdiscoveries.chinchilla_leather":11,"stat.useItem.minecraft.birch_door":3,"stat.pickup.minecraft.beetroot":3,"stat.useItem.spartanweaponry.katana_iron":137,"stat.pickup.zoocraftdiscoveries.herb_thyme":1,"stat.mineBlock.mod_lavacow.glowshroom":1,"stat.useItem.minecraft.stone_hoe":73,"stat.killEntity.mutantbeasts.mutant_enderman":1,"stat.useItem.minecraft.beetroot_seeds":6,"stat.sneakTime":56635,"stat.pickup.treasure2.gravestone2_obsidian":1,"stat.drop.minecraft.bucket":1,"stat.pickup.minecraft.stone_slab":37,"stat.useItem.minecraft.fishing_rod":33,"stat.useItem.minecraft.beetroot":3,"stat.pickup.minecraft.chest":1,"stat.pickup.minecraft.bone":21,"stat.horseOneCm":9458,"stat.pickup.chisel.planks-oak":100,"stat.craftItem.minecraft.stone_brick_stairs":144,"stat.swimOneCm":212769,"stat.pickup.zoocraftdiscoveries.frogspawn":11,"stat.mineBlock.minecraft.spruce_stairs":1,"stat.pickup.chisel.marble":83,"stat.useItem.minecraft.dirt":468,"stat.killEntity.primitivemobs.mother_spider":1,"stat.craftItem.minecraft.stone_pickaxe":1,"stat.pickup.minecraft.cobblestone":400,"stat.mineBlock.chisel.limestone2":17,"stat.pickup.minecraft.glass_bottle":1,"stat.useItem.chisel.limestone2":1,"stat.useItem.minecraft.cooked_beef":29,"stat.pickup.minecraft.redstone":19,"stat.mineBlock.minecraft.iron_ore":77,"stat.drop.minecraft.log":7,"stat.pickup.minecraft.mutton":43,"stat.pickup.minecraft.wooden_axe":1,"stat.pickup.minecraft.stonebrick":8,"stat.drop.minecraft.dirt":1,"stat.useItem.minecraft.cooked_porkchop":17,"stat.pickup.ebwizardry.magic_crystal":14,"stat.pickup.minecraft.trapdoor":1,"stat.entityKilledBy.primitivemobs.brain_slime":1,"stat.pickup.treasure2.gravestone1_polished_diorite":1,"stat.entityKilledBy.primitivemobs.baby_spider":1,"stat.craftItem.minecraft.stone_slab2":0,"stat.craftItem.minecraft.stick":124,"stat.useItem.minecraft.stone_slab":45,"stat.craftItem.minecraft.stone":223,"stat.craftItem.minecraft.gold_nugget":9,"stat.useItem.minecraft.diamond_pickaxe":33,"stat.pickup.mutantbeasts.mutant_skeleton_boots":1,"stat.entityKilledBy.Creeper":4,"stat.mineBlock.minecraft.planks":15,"stat.drop":35,"stat.killEntity.Sheep":28,"stat.pickup.minecraft.slime_ball":6,"stat.craftItem.minecraft.diamond_pickaxe":1,"stat.killEntity.primitivemobs.treasure_slime":1,"stat.useItem.minecraft.melon_seeds":2,"stat.pickup.primitivemobs.camouflage_dye":1,"stat.pickup.minecraft.gravel":48,"stat.useItem.minecraft.apple":10,"stat.entityKilledBy.primitivemobs.bewitched_tome":1,"stat.killEntity.primitivemobs.support_creeper":1,"stat.pickup.minecraft.stone_brick_stairs":14,"stat.craftItem.travelersbackpack.backpack_tank":2,"stat.useItem.minecraft.wooden_hoe":44,"stat.pickup.minecraft.fence":11,"stat.pickup.minecraft.iron_helmet":1,"stat.pickup.mutantbeasts.mutant_skeleton_arms":1,"stat.useItem.minecraft.stone_axe":199,"stat.craftItem.minecraft.bread":20,"stat.pickup.minecraft.spider_eye":3,"stat.killEntity.primitivemobs.goblin":5,"stat.drop.minecraft.glass":6,"stat.pickup.minecraft.iron_ore":76,"stat.pickup.mod_lavacow.glowshroom":1,"stat.pickup.chisel.planks-birch":28,"stat.boatOneCm":56924,"stat.mineBlock.treasure2.skull_and_crossbones":1,"stat.craftItem.minecraft.flint_and_steel":1,"stat.mineBlock.tconstruct.tooltables":1,"stat.pickup.minecraft.leather":16,"stat.useItem.minecraft.wooden_pickaxe":2,"stat.pickup.minecraft.oak_stairs":1,"stat.damageDealt":17584,"stat.craftItem.minecraft.glass":20,"stat.killEntity.bound_soul":1,"stat.sleepInBed":12,"stat.killEntity.Cow":14,"stat.pickup.minecraft.boat":4,"stat.walkOneCm":1608449,"stat.playerKills":2,"stat.pickup.minecraft.stick":4,"stat.pickup.zoocraftdiscoveries.seed_lemongrass":2,"stat.pickup.minecraft.stone":31,"stat.useItem.minecraft.spruce_stairs":25,"stat.mineBlock.minecraft.wool":1,"stat.killEntity.Skeleton":7,"stat.pickup.mod_lavacow.sharptooth":2,"stat.killEntity.Spider":3,"stat.pickup.minecraft.bread":18,"stat.craftItem.minecraft.fence":27,"stat.entityKilledBy.bound_soul":1,"stat.mineBlock.minecraft.leaves":53,"stat.pickup.minecraft.spruce_stairs":1,"stat.entityKilledBy.primitivemobs.harpy":1,"stat.useItem.chisel.cobblestone2":19,"stat.mineBlock.minecraft.redstone_ore":4,"stat.mineBlock.chisel.planks-oak":96,"stat.drop.mutantbeasts.mutant_skeleton_limb":1,"stat.mineBlock.minecraft.stone":416}