{"stat.mineBlock.chisel.glasspane1":1,"stat.pickup.minecraft.wooden_slab":5,"stat.leaveGame":9,"stat.drop.minecraft.gunpowder":17,"stat.useItem.harvestcraft.calamaricookeditem":1,"stat.pickup.harvestcraft.snapperrawitem":1,"stat.killEntity.zoocraftdiscoveries.chinchilla":5,"stat.pickup.ebwizardry.spell_book":4,"stat.craftItem.chisel.glasspane":32,"stat.pickup.mutantbeasts.mutant_skeleton_pelvis":3,"stat.killEntity.primitivemobs.blazing_juggernaut":1,"stat.useItem.minecraft.glowstone":19,"stat.craftItem.harvestcraft.calamaricookeditem":1,"stat.mineBlock.treasure2.gravestone2_polished_diorite":1,"stat.pickup.harvestcraft.calamarirawitem":1,"stat.killEntity.primitivemobs.skeleton_warrior":5,"stat.entityKilledBy.mod_lavacow.mimic":2,"stat.pickup.minecraft.rotten_flesh":45,"stat.pickup.mod_lavacow.parasite_item":1,"stat.useItem.chisel.marble":380,"stat.craftItem.minecraft.stone_axe":3,"stat.entityKilledBy.primitivemobs.rocket_creeper":2,"stat.useItem.minecraft.birch_boat":1,"stat.mineBlock.minecraft.wooden_slab":1,"stat.craftItem.minecraft.iron_shovel":3,"stat.drop.spartanweaponry.boomerang_iron":2,"stat.pickup.chisel.chisel_iron":1,"stat.drop.treasure2.iron_ring":1,"stat.useItem.minecraft.spider_eye":3,"stat.useItem.zoocraftdiscoveries.frogspawn":17,"stat.useItem.minecraft.iron_pickaxe":999,"stat.pickup.mod_lavacow.intestine":7,"stat.craftItem.minecraft.wooden_pickaxe":1,"stat.useItem.minecraft.iron_shovel":380,"stat.pickup.minecraft.double_plant":3,"stat.useItem.ebwizardry.magic_wand":3,"stat.craftItem.minecraft.bed":6,"stat.craftItem.minecraft.glass_pane":16,"stat.mineBlock.chisel.marble2":390,"stat.mineBlock.chisel.marble1":3,"stat.furnaceInteraction":329,"stat.killEntity.ZombieVillager":1,"stat.killEntity.mod_lavacow.mimic":4,"stat.pickup.minecraft.beef":44,"stat.entityKilledBy.primitivemobs.goblin":11,"stat.useItem.minecraft.fence":26,"stat.pickup.treasure2.ember_lock":1,"stat.drop.spartanweaponry.boomerang_diamond":1,"stat.useItem.mod_lavacow.tooth_dagger":118,"stat.mineBlock.minecraft.fence":11,"stat.craftItem.ebwizardry.magic_wand":1,"stat.useItem.minecraft.flint_and_steel":6,"stat.useItem.minecraft.wheat_seeds":142,"stat.drop.minecraft.cooked_fish":1,"stat.pickup.minecraft.emerald":7,"stat.useItem.minecraft.dye":75,"stat.useItem.minecraft.beef":3,"stat.deaths":120,"stat.pickup.minecraft.bowl":1,"stat.killEntity.primitivemobs.rocket_creeper":1,"stat.craftItem.minecraft.iron_pickaxe":3,"stat.entityKilledBy.mod_lavacow.banshee":3,"stat.useItem.chisel.planks-oak":357,"stat.drop.minecraft.iron_ingot":9,"stat.pickup.chisel.marble1":3,"stat.pickup.chisel.marble2":381,"stat.mineBlock.minecraft.tallgrass":32,"stat.craftItem.minecraft.cooked_mutton":32,"stat.fishCaught":37,"stat.pickup.minecraft.cooked_mutton":3,"stat.chestOpened":952,"stat.useItem.primitivemobs.goblin_mace":38,"stat.mineBlock.chisel.planks-birch":150,"stat.craftItem.minecraft.sign":12,"stat.killEntity.primitivemobs.brain_slime":1,"stat.useItem.minecraft.stone":14,"stat.useItem.spartanweaponry.boomerang_iron":2,"stat.pickup.minecraft.arrow":21,"stat.pickup.minecraft.iron_sword":1,"stat.mineBlock.chisel.dirt":1,"stat.drop.treasure2.iron_key":1,"stat.craftItem.minecraft.quartz_block":1,"stat.craftItem.minecraft.coal":36,"stat.drop.minecraft.iron_pickaxe":3,"stat.mineBlock.elevatorid.elevator_white":1,"stat.pickup.mutantbeasts.mutant_skeleton_shoulder_pad":2,"stat.pickup.minecraft.carrot":13,"stat.pickup.mutantbeasts.mutant_skeleton_skull":4,"stat.crouchOneCm":353399,"stat.pickup.minecraft.rail":5,"stat.craftItem.minecraft.iron_ingot":158,"stat.useItem.mod_lavacow.mimic_claw_cooked":4,"stat.craftingTableInteraction":65,"stat.mineBlock.chisel.glasspane":5,"stat.useItem.chisel.marble1":3,"stat.useItem.chisel.marble2":1,"stat.pickup.treasure2.iron_ring":1,"stat.pickup.minecraft.birch_boat":1,"stat.craftItem.minecraft.wooden_sword":2,"stat.pickup.minecraft.dye":13,"stat.pickup.minecraft.planks":164,"stat.pickup.chisel.limestone2":17,"stat.entityKilledBy.primitivemobs.flame_spewer":4,"stat.pickup.minecraft.wheat_seeds":208,"stat.pickup.mod_lavacow.plagued_porkchop":1,"stat.drop.harvestcraft.flouritem":1,"stat.mineBlock.minecraft.dirt":555,"stat.entityKilledBy.primitivemobs.blazing_juggernaut":3,"stat.pickup.tconstruct.pattern":8,"stat.useItem.minecraft.bread":41,"stat.killEntity.primitivemobs.bewitched_tome":2,"stat.drop.minecraft.rotten_flesh":2,"stat.useItem.minecraft.cobblestone":120,"stat.useItem.minecraft.gravel":23,"stat.mineBlock.minecraft.double_plant":2,"stat.pickup.zoocraftdiscoveries.seed_dill":1,"stat.minecartOneCm":6864,"stat.pickup.chisel.glasspane":10,"stat.pickup.minecraft.iron_pickaxe":5,"stat.craftItem.minecraft.gold_ingot":24,"stat.pickup.minecraft.chicken":1,"stat.craftItem.chisel.chisel_iron":7,"stat.pickup.minecraft.apple":15,"stat.useItem.minecraft.glass_pane":4,"stat.drop.mutantbeasts.mutant_skeleton_pelvis":1,"stat.craftItem.minecraft.bucket":2,"stat.craftItem.minecraft.planks":2376,"stat.useItem.minecraft.iron_sword":183,"stat.craftItem.minecraft.fishing_rod":2,"stat.pickup.minecraft.stone_sword":1,"stat.pickup.harvestcraft.octopusrawitem":1,"stat.useItem.minecraft.stonebrick":7,"stat.pickup.minecraft.book":1,"stat.mineBlock.minecraft.log":587,"stat.useItem.carryon.entity_item":86,"stat.pickup.minecraft.red_flower":2,"stat.pickup.mutantbeasts.mutant_skeleton_limb":16,"stat.pickup.mod_lavacow.mimic_claw_cooked":1,"stat.pickup.minecraft.wool":64,"stat.mineBlock.chisel.marblepillar":6,"stat.pickup.minecraft.cooked_fish":1,"stat.useItem.minecraft.wooden_axe":48,"stat.pickup.zoocraftdiscoveries.seed_bay":1,"stat.pickup.minecraft.tripwire_hook":1,"stat.useItem.minecraft.iron_axe":325,"stat.mineBlock.minecraft.pumpkin":6,"stat.mineBlock.minecraft.cobblestone":9,"stat.pickup.minecraft.stone_pickaxe":2,"stat.pickup.minecraft.flint":9,"stat.entityKilledBy.Witch":2,"stat.craftItem.spartanshields.shield_basic_gold":1,"stat.craftItem.minecraft.wool":1,"stat.pickup.minecraft.enchanted_book":1,"stat.mineBlock.chisel.cobblestone2":1,"stat.drop.minecraft.cobblestone":1,"stat.pickup.mutantbeasts.mutant_skeleton_chestplate":1,"stat.pickup.ebwizardry.wizard_robe_healing":1,"stat.mineBlock.chisel.marble":187,"stat.useItem.minecraft.obsidian":10,"stat.useItem.minecraft.cookie":1,"stat.useItem.minecraft.stone_slab2":279,"stat.drop.ebwizardry.magic_wand":4,"stat.craftItem.minecraft.furnace":2,"stat.craftItem.minecraft.iron_boots":1,"stat.craftItem.minecraft.cooked_beef":50,"stat.mineBlock.minecraft.obsidian":18,"stat.pickup.mutantbeasts.mutant_skeleton_rib":18,"stat.flyOneCm":1906052,"stat.pickup.minecraft.fish":37,"stat.killEntity.zoocraftdiscoveries.anteater":1,"stat.timeSinceDeath":76612,"stat.pickup.zoocraftdiscoveries.anteater_leather":3,"stat.useItem.minecraft.wooden_slab":23,"stat.mineBlock.treasure2.gravestone1_polished_diorite":1,"stat.craftItem.ebwizardry.magic_crystal":16,"stat.killEntity.Bat":1,"stat.craftItem.minecraft.stonebrick":368,"stat.pickup.travelersbackpack.travelers_backpack":22,"stat.pickup.mod_lavacow.hyphae":2,"stat.pickup.minecraft.chainmail_helmet":1,"stat.drop.minecraft.flint_and_steel":1,"stat.mineBlock.minecraft.coal_ore":209,"stat.craftItem.minecraft.stone_hoe":1,"stat.talkedToVillager":4,"stat.pickup.minecraft.string":18,"stat.pickup.ebwizardry.magic_wand":2,"stat.craftItem.spartanweaponry.boomerang_wood":1,"stat.entityKilledBy.Skeleton":5,"stat.useItem.zoocraftdiscoveries.seed_thyme":3,"stat.pickup.minecraft.birch_stairs":20,"stat.craftItem.tconstruct.tooltables":1,"stat.killEntity.Squid":1,"stat.sprintOneCm":1842787,"stat.pickup.harvestcraft.tunarawitem":2,"stat.mineBlock.minecraft.stone_slab":40,"stat.craftItem.minecraft.wooden_axe":1,"stat.useItem.carryon.tile_item":14,"stat.mineBlock.minecraft.diamond_ore":8,"stat.pickup.zoocraftdiscoveries.seed_rosemary":1,"stat.pickup.minecraft.leather_leggings":2,"stat.entityKilledBy.primitivemobs.mimic":1,"stat.useItem.minecraft.wooden_sword":27,"stat.drop.ebwizardry.crystal_flower":1,"stat.killEntity.Zombie":30,"stat.craftItem.minecraft.dye":90,"stat.useItem.minecraft.birch_stairs":52,"stat.mineBlock.minecraft.gold_ore":23,"stat.diveOneCm":321127,"stat.pickup.minecraft.wheat":104,"stat.pickup.tconstruct.tooltables":1,"stat.craftItem.minecraft.cooked_porkchop":26,"stat.pickup.minecraft.stone_axe":1,"stat.pickup.minecraft.obsidian":18,"stat.useItem.minecraft.rotten_flesh":49,"stat.jump":11729,"stat.pickup.minecraft.coal":227,"stat.pickup.minecraft.iron_ingot":18,"stat.pickup.minecraft.gunpowder":34,"stat.mineBlock.treasure2.gold_strongbox":2,"stat.craftItem.minecraft.torch":304,"stat.useItem.spartanweaponry.boomerang_wood":55,"stat.pickup.minecraft.dirt":675,"stat.useItem.minecraft.glass":14,"stat.useItem.minecraft.sapling":61,"stat.pickup.minecraft.gold_ore":23,"stat.mineBlock.minecraft.lapis_ore":1,"stat.pickup.minecraft.cookie":1,"stat.damageTaken":45452,"stat.useItem.minecraft.stone_brick_stairs":284,"stat.mineBlock.minecraft.red_flower":3,"stat.mineBlock.minecraft.torch":41,"stat.killEntity.primitivemobs.sheepman":1,"stat.mineBlock.minecraft.sapling":11,"stat.pickup.minecraft.ender_eye":3,"stat.pickup.ebwizardry.crystal_flower":13,"stat.craftItem.minecraft.glowstone":43,"stat.craftItem.mutantbeasts.mutant_skeleton_chestplate":1,"stat.pickup.minecraft.bed":6,"stat.craftItem.mod_lavacow.mimic_claw_cooked":3,"stat.pickup.minecraft.quartz_block":2,"stat.useItem.chisel.glass":17,"stat.entityKilledBy.Zombie":12,"stat.pickup.treasure2.gold_strongbox":2,"stat.killEntity.Silverfish":5,"stat.craftItem.minecraft.stone_slab":60,"stat.animalsBred":6,"stat.useItem.minecraft.chest":4,"stat.craftItem.harvestcraft.flouritem":5,"stat.useItem.minecraft.lava_bucket":2,"stat.pickup.mod_lavacow.mimic_claw":5,"stat.pickup.harvestcraft.troutrawitem":1,"stat.craftItem.minecraft.iron_chestplate":2,"stat.killEntity.mod_lavacow.undeadswine":1,"stat.pickup.minecraft.ender_pearl":6,"stat.drop.minecraft.wooden_slab":2,"stat.pickup.minecraft.cooked_beef":10,"stat.useItem.minecraft.netherrack":18,"stat.craftItem.travelersbackpack.sleeping_bag_bottom":1,"stat.mineBlock.minecraft.stonebrick":8,"stat.useItem.chisel.planks-birch":522,"stat.pickup.zoocraftdiscoveries.seed_thyme":11,"stat.mineBlock.minecraft.glowstone":29,"stat.drop.primitivemobs.goblin_mace":2,"stat.mobKills":164,"stat.craftItem.minecraft.shears":1,"stat.useItem.minecraft.boat":6,"stat.pickup.minecraft.diamond":8,"stat.pickup.minecraft.beetroot_seeds":32,"stat.pickup.minecraft.torch":100,"stat.drop.primitivemobs.spider_egg":1,"stat.drop.minecraft.stone_axe":1,"stat.craftItem.minecraft.spruce_stairs":256,"stat.useItem.chisel.glasspane":24,"stat.mineBlock.ebwizardry.crystal_flower":12,"stat.useItem.mod_lavacow.parasite_item":1,"stat.craftItem.minecraft.iron_axe":3,"stat.killEntity.mutantbeasts.mutant_skeleton":1,"stat.pickup.mod_lavacow.cursed_fabric":1,"stat.useItem.minecraft.mutton":1,"stat.pickup.minecraft.fishing_rod":1,"stat.useItem.minecraft.planks":110,"stat.pickup.minecraft.glowstone_dust":93,"stat.drop.tconstruct.slime_boots":1,"stat.pickup.minecraft.blaze_powder":4,"stat.drop.ebwizardry.magic_crystal":3,"stat.useItem.minecraft.water_bucket":16,"stat.mineBlock.minecraft.stone_brick_stairs":16,"stat.pickup.minecraft.sand":73,"stat.entityKilledBy.Spider":2,"stat.entityKilledBy.primitivemobs.skeleton_warrior":24,"stat.pickup.minecraft.name_tag":1,"stat.pickup.spartanweaponry.katana_iron":1,"stat.craftItem.minecraft.stone_sword":1,"stat.pickup.chisel.cobblestone2":1,"stat.mineBlock.minecraft.sand":72,"stat.pickup.elevatorid.elevator_white":1,"stat.useItem.mod_lavacow.mimic_claw":4,"stat.craftItem.minecraft.cooked_fish":36,"stat.craftItem.spartanshields.shield_basic_wood":1,"stat.drop.minecraft.diamond":3,"stat.mineBlock.chisel.planks-spruce":145,"stat.pickup.mod_lavacow.ectoplasm":2,"stat.craftItem.minecraft.birch_door":3,"stat.useItem.chisel.glasspane1":2,"stat.mineBlock.minecraft.birch_stairs":22,"stat.pickup.mod_lavacow.undyingheart":1,"stat.mineBlock.treasure2.gravestone2_obsidian":1,"stat.entityKilledBy.primitivemobs.support_creeper":1,"stat.useItem.minecraft.cooked_mutton":32,"stat.pickup.primitivemobs.spider_egg":1,"stat.craftItem.travelersbackpack.travelers_backpack":2,"stat.drop.minecraft.fishing_rod":1,"stat.entityKilledBy.mutantbeasts.mutant_skeleton":9,"stat.useItem.treasure2.steel_short_sword":7,"stat.pickup.mod_lavacow.tooth_dagger":2,"stat.pickup.minecraft.pumpkin_seeds":6,"stat.pickup.harvestcraft.perchrawitem":1,"stat.pickup.harvestcraft.tilapiarawitem":1,"stat.playOneMinute":1187800,"stat.pickup.minecraft.birch_door":8,"stat.pickup.minecraft.netherrack":125,"stat.killEntity.mod_lavacow.raven":3,"stat.pickup.chisel.dirt":1,"stat.drop.mod_lavacow.tooth_dagger":1,"stat.pickup.minecraft.pumpkin":6,"stat.useItem.minecraft.fish":1,"stat.mineBlock.minecraft.netherrack":36,"stat.useItem.treasure2.chipped_steel_short_sword":6,"stat.pickup.minecraft.detector_rail":4,"stat.useItem.ebwizardry.crystal_flower":1,"stat.pickup.chisel.marblepillar":6,"stat.fallOneCm":346418,"stat.drop.minecraft.stone":15,"stat.pickup.minecraft.melon_seeds":4,"stat.craftItem.minecraft.chest":9,"stat.pickup.mod_lavacow.swinearmor_boots":1,"stat.pickup.primitivemobs.goblin_mace":3,"stat.drop.mutantbeasts.mutant_skeleton_rib":2,"stat.pickup.minecraft.feather":2,"stat.drop.minecraft.bone":1,"stat.drop.mod_lavacow.undyingheart":1,"stat.entityKilledBy.mod_lavacow.salamander":1,"stat.pickup.harvestcraft.greenheartfishitem":1,"stat.pickup.minecraft.iron_leggings":1,"stat.mineBlock.minecraft.gravel":65,"stat.useItem.minecraft.stone_pickaxe":200,"stat.craftItem.minecraft.birch_stairs":160,"stat.useItem.chisel.planks-spruce":580,"stat.craftItem.minecraft.iron_leggings":1,"stat.useItem.minecraft.stone_sword":41,"stat.useItem.minecraft.wool":5,"stat.killEntity.primitivemobs.baby_spider":6,"stat.craftItem.spartanweaponry.boomerang_diamond":1,"stat.useItem.mod_lavacow.plagued_porkchop":1,"stat.craftItem.minecraft.leather":5,"stat.mineBlock.minecraft.monster_egg":1,"stat.useItem.minecraft.torch":273,"stat.craftItem.minecraft.redstone_block":5,"stat.useItem.minecraft.log":6,"stat.pickup.minecraft.crafting_table":2,"stat.craftItem.minecraft.crafting_table":3,"stat.craftItem.minecraft.boat":4,"stat.mineBlock.ebwizardry.crystal_ore":22,"stat.mineBlock.minecraft.emerald_ore":5,"stat.killEntity.zoocraftdiscoveries.frog":10,"stat.pickup.minecraft.log":571,"stat.useItem.minecraft.cooked_fish":36,"stat.pickup.treasure2.silver_ring":2,"stat.pickup.chisel.planks-spruce":192,"stat.pickup.minecraft.sapling":193,"stat.mineBlock.chisel.glass":1,"stat.pickup.zoocraftdiscoveries.chinchilla_leather":11,"stat.useItem.minecraft.birch_door":3,"stat.pickup.minecraft.beetroot":10,"stat.useItem.spartanweaponry.katana_iron":137,"stat.pickup.zoocraftdiscoveries.herb_thyme":6,"stat.mineBlock.mod_lavacow.glowshroom":1,"stat.useItem.minecraft.stone_hoe":73,"stat.killEntity.mutantbeasts.mutant_enderman":1,"stat.craftItem.mutantbeasts.mutant_skeleton_boots":1,"stat.useItem.minecraft.beetroot_seeds":13,"stat.sneakTime":113014,"stat.pickup.treasure2.gravestone2_obsidian":1,"stat.drop.minecraft.bucket":1,"stat.pickup.minecraft.stone_slab":37,"stat.pickup.minecraft.golden_rail":2,"stat.useItem.minecraft.fishing_rod":97,"stat.useItem.minecraft.beetroot":10,"stat.pickup.minecraft.chest":4,"stat.pickup.minecraft.bone":28,"stat.horseOneCm":9458,"stat.pickup.chisel.planks-oak":100,"stat.craftItem.minecraft.stone_brick_stairs":240,"stat.swimOneCm":261426,"stat.pickup.zoocraftdiscoveries.frogspawn":62,"stat.climbOneCm":212,"stat.mineBlock.minecraft.spruce_stairs":1,"stat.useItem.spartanweaponry.boomerang_diamond":39,"stat.pickup.chisel.marble":180,"stat.useItem.minecraft.dirt":614,"stat.killEntity.primitivemobs.mother_spider":1,"stat.entityKilledBy.mutantbeasts.mutant_enderman":1,"stat.drop.chisel.planks-birch":1,"stat.useItem.minecraft.iron_ore":1,"stat.craftItem.minecraft.stone_pickaxe":1,"stat.pickup.minecraft.cobblestone":684,"stat.mineBlock.chisel.limestone2":20,"stat.pickup.minecraft.glass_bottle":1,"stat.useItem.chisel.limestone2":1,"stat.useItem.minecraft.cooked_beef":45,"stat.craftItem.minecraft.wooden_slab":24,"stat.pickup.minecraft.redstone":55,"stat.mineBlock.minecraft.iron_ore":118,"stat.drop.minecraft.log":7,"stat.useItem.minecraft.sign":3,"stat.pickup.minecraft.mutton":47,"stat.pickup.minecraft.wooden_axe":1,"stat.pickup.minecraft.stonebrick":8,"stat.drop.minecraft.dirt":1,"stat.useItem.minecraft.cooked_porkchop":18,"stat.pickup.ebwizardry.magic_crystal":47,"stat.pickup.minecraft.trapdoor":1,"stat.entityKilledBy.primitivemobs.brain_slime":1,"stat.pickup.treasure2.gravestone1_polished_diorite":1,"stat.entityKilledBy.primitivemobs.baby_spider":1,"stat.pickup.harvestcraft.mudfishrawitem":1,"stat.craftItem.minecraft.stone_slab2":0,"stat.pickup.chisel.glass":1,"stat.craftItem.minecraft.stick":152,"stat.useItem.minecraft.stone_slab":45,"stat.craftItem.minecraft.stone":416,"stat.craftItem.minecraft.gold_nugget":9,"stat.craftItem.minecraft.armor_stand":1,"stat.mineBlock.minecraft.crafting_table":2,"stat.useItem.minecraft.diamond_pickaxe":463,"stat.mineBlock.minecraft.quartz_block":2,"stat.pickup.mutantbeasts.mutant_skeleton_boots":1,"stat.useItem.minecraft.carrot":8,"stat.useItem.minecraft.wheat":2,"stat.entityKilledBy.Creeper":6,"stat.mineBlock.minecraft.planks":40,"stat.drop":71,"stat.killEntity.Sheep":31,"stat.pickup.minecraft.slime_ball":14,"stat.pickup.zoocraftdiscoveries.seed_sage":1,"stat.craftItem.minecraft.diamond_pickaxe":1,"stat.killEntity.primitivemobs.treasure_slime":3,"stat.useItem.minecraft.melon_seeds":2,"stat.pickup.zoocraftdiscoveries.seed_parsley":1,"stat.pickup.primitivemobs.camouflage_dye":1,"stat.pickup.minecraft.gravel":59,"stat.useItem.chisel.marblepillar":7,"stat.drop.minecraft.cooked_beef":4,"stat.useItem.minecraft.apple":11,"stat.entityKilledBy.primitivemobs.bewitched_tome":2,"stat.killEntity.primitivemobs.support_creeper":1,"stat.pickup.minecraft.stone_brick_stairs":15,"stat.craftItem.travelersbackpack.backpack_tank":2,"stat.useItem.minecraft.wooden_hoe":48,"stat.pickup.minecraft.fence":11,"stat.pickup.minecraft.iron_helmet":1,"stat.pickup.mutantbeasts.mutant_skeleton_arms":1,"stat.craftItem.minecraft.birch_boat":1,"stat.useItem.minecraft.stone_axe":259,"stat.craftItem.minecraft.bread":25,"stat.killEntity.mod_lavacow.salamander":1,"stat.pickup.minecraft.spider_eye":4,"stat.killEntity.primitivemobs.goblin":6,"stat.entityKilledBy.primitivemobs.mother_spider":3,"stat.craftItem.minecraft.iron_helmet":1,"stat.drop.minecraft.glass":6,"stat.pickup.minecraft.iron_ore":114,"stat.pickup.mod_lavacow.glowshroom":1,"stat.pickup.chisel.planks-birch":154,"stat.boatOneCm":56924,"stat.mineBlock.treasure2.skull_and_crossbones":1,"stat.craftItem.minecraft.flint_and_steel":2,"stat.mineBlock.tconstruct.tooltables":1,"stat.pickup.minecraft.leather":20,"stat.useItem.minecraft.wooden_pickaxe":11,"stat.pickup.minecraft.oak_stairs":1,"stat.craftItem.harvestcraft.doughitem":4,"stat.damageDealt":23690,"stat.craftItem.minecraft.glass":88,"stat.killEntity.bound_soul":1,"stat.sleepInBed":17,"stat.killEntity.Cow":22,"stat.pickup.minecraft.minecart":1,"stat.pickup.minecraft.boat":5,"stat.entityKilledBy.mutantbeasts.endersoul_clone":1,"stat.walkOneCm":2565703,"stat.playerKills":2,"stat.pickup.minecraft.stick":4,"stat.pickup.zoocraftdiscoveries.seed_lemongrass":2,"stat.craftItem.elevatorid.elevator_white":2,"stat.craftItem.harvestcraft.mortarandpestleitem":1,"stat.pickup.minecraft.stone":122,"stat.useItem.minecraft.spruce_stairs":25,"stat.mineBlock.minecraft.wool":4,"stat.pickup.zoocraftdiscoveries.seed_coriander":1,"stat.killEntity.Skeleton":8,"stat.pickup.mod_lavacow.sharptooth":2,"stat.killEntity.Spider":3,"stat.pickup.minecraft.bread":19,"stat.mineBlock.minecraft.quartz_ore":3,"stat.pickup.minecraft.quartz":3,"stat.craftItem.minecraft.fence":27,"stat.entityKilledBy.bound_soul":1,"stat.mineBlock.minecraft.leaves":53,"stat.pickup.minecraft.spruce_stairs":1,"stat.entityKilledBy.primitivemobs.harpy":1,"stat.useItem.chisel.cobblestone2":19,"stat.mineBlock.minecraft.redstone_ore":12,"stat.mineBlock.chisel.planks-oak":96,"stat.drop.mutantbeasts.mutant_skeleton_limb":1,"stat.mineBlock.minecraft.stone":448}