{"stat.pickup.mod_lavacow.ectoplasm":2,"stat.walkOneCm":45338,"stat.useItem.minecraft.bread":14,"stat.pickup.minecraft.wooden_slab":2,"stat.pickup.minecraft.wooden_axe":1,"stat.craftItem.minecraft.crafting_table":1,"stat.pickup.mod_lavacow.cursed_fabric":1,"stat.pickup.minecraft.log":46,"stat.jump":323,"stat.swimOneCm":9308,"stat.fallOneCm":10500,"stat.crouchOneCm":1872,"stat.pickup.minecraft.sapling":14,"stat.pickup.minecraft.dirt":98,"stat.useItem.minecraft.dirt":48,"stat.sprintOneCm":38387,"stat.useItem.minecraft.stone_slab2":2,"stat.pickup.minecraft.apple":4,"stat.craftItem.minecraft.stick":8,"stat.craftItem.minecraft.wooden_axe":1,"stat.craftItem.minecraft.planks":92,"stat.entityKilledBy.primitivemobs.skeleton_warrior":3,"stat.damageTaken":2395,"stat.pickup.minecraft.bread":17,"stat.mineBlock.minecraft.red_flower":1,"stat.craftItem.minecraft.wooden_sword":1,"stat.mineBlock.minecraft.log":49,"stat.pickup.minecraft.planks":1,"stat.useItem.carryon.entity_item":5,"stat.flyOneCm":53819,"stat.deaths":5,"stat.mineBlock.minecraft.leaves":6,"stat.playOneMinute":35875,"stat.sneakTime":667,"stat.damageDealt":336,"stat.timeSinceDeath":5618,"stat.useItem.minecraft.wooden_axe":16,"stat.mineBlock.minecraft.dirt":14,"stat.craftItem.minecraft.wooden_pickaxe":1,"stat.mineBlock.minecraft.tallgrass":4,"stat.diveOneCm":588}