{"stat.pickup.minecraft.bone":20,"stat.pickup.minecraft.wooden_slab":1,"stat.leaveGame":2,"stat.useItem.minecraft.diamond_sword":4,"stat.pickup.mod_lavacow.cursed_fabric":3,"stat.useItem.minecraft.mutton":2,"stat.swimOneCm":57688,"stat.useItem.minecraft.planks":1,"stat.pickup.minecraft.enchanted_book":1,"stat.useItem.minecraft.dirt":160,"stat.pickup.zoocraftdiscoveries.seed_basil":11,"stat.useItem.minecraft.stone_slab2":40,"stat.killEntity.primitivemobs.skeleton_warrior":3,"stat.killEntity.primitivemobs.mother_spider":1,"stat.pickup.minecraft.rotten_flesh":3,"stat.pickup.minecraft.sand":5,"stat.craftItem.minecraft.furnace":2,"stat.useItem.zoocraftdiscoveries.seed_chive":1,"stat.killEntity.primitivemobs.festive_creeper":1,"stat.craftItem.minecraft.stone_axe":1,"stat.entityKilledBy.primitivemobs.rocket_creeper":1,"stat.craftItem.spartanshields.shield_basic_iron":2,"stat.entityKilledBy.primitivemobs.skeleton_warrior":1,"stat.craftItem.minecraft.iron_boots":1,"stat.drop.zoocraftdiscoveries.seed_saffron":5,"stat.pickup.zoocraftdiscoveries.herb_saffron":2,"stat.craftItem.minecraft.stone_pickaxe":1,"stat.pickup.minecraft.cobblestone":161,"stat.mineBlock.minecraft.wooden_slab":3,"stat.pickup.minecraft.wooden_hoe":2,"stat.flyOneCm":141742,"stat.pickup.zoocraftdiscoveries.seed_oregano":2,"stat.craftItem.minecraft.wooden_slab":6,"stat.pickup.zoocraftdiscoveries.seed_chive":5,"stat.craftItem.minecraft.wooden_hoe":2,"stat.useItem.zoocraftdiscoveries.seed_basil":4,"stat.pickup.minecraft.redstone":17,"stat.mineBlock.minecraft.iron_ore":57,"stat.timeSinceDeath":7730,"stat.craftItem.spartanshields.shield_basic_wood":3,"stat.pickup.mod_lavacow.intestine":2,"stat.useItem.minecraft.iron_pickaxe":114,"stat.useItem.minecraft.wooden_slab":3,"stat.craftItem.minecraft.wooden_pickaxe":1,"stat.pickup.minecraft.mutton":2,"stat.pickup.minecraft.stonebrick":1,"stat.furnaceInteraction":31,"stat.craftItem.spartanweaponry.material":2,"stat.mineBlock.minecraft.coal_ore":37,"stat.killEntity.Creeper":1,"stat.pickup.minecraft.string":7,"stat.killEntity.mod_lavacow.mimic":3,"stat.entityKilledBy.primitivemobs.baby_spider":2,"stat.useItem.minecraft.cooked_mutton":7,"stat.pickup.minecraft.furnace":1,"stat.craftItem.minecraft.stone_slab2":0,"stat.entityKilledBy.primitivemobs.goblin":1,"stat.pickup.minecraft.leather_helmet":3,"stat.craftItem.mod_lavacow.tooth_dagger":4,"stat.craftItem.tconstruct.tooltables":3,"stat.sprintOneCm":129080,"stat.craftItem.minecraft.stick":56,"stat.craftItem.minecraft.wooden_axe":2,"stat.useItem.carryon.tile_item":1,"stat.useItem.mod_lavacow.tooth_dagger":2,"stat.drop.minecraft.wooden_hoe":1,"stat.useItem.minecraft.wheat_seeds":37,"stat.mineBlock.minecraft.crafting_table":2,"stat.pickup.minecraft.emerald":1,"stat.pickup.zoocraftdiscoveries.seed_rosemary":4,"stat.useItem.minecraft.dye":66,"stat.mineBlock.minecraft.planks":1,"stat.deaths":13,"stat.drop":16,"stat.playOneMinute":149857,"stat.useItem.minecraft.wooden_sword":7,"stat.killEntity.Sheep":1,"stat.craftItem.minecraft.iron_pickaxe":1,"stat.pickup.minecraft.slime_ball":15,"stat.killEntity.Zombie":7,"stat.craftItem.minecraft.dye":63,"stat.drop.minecraft.bread":2,"stat.pickup.minecraft.iron_bars":3,"stat.mineBlock.minecraft.gold_ore":13,"stat.mineBlock.minecraft.tallgrass":103,"stat.craftItem.minecraft.cooked_mutton":2,"stat.diveOneCm":13045,"stat.pickup.minecraft.cooked_mutton":6,"stat.craftItem.minecraft.sandstone":1,"stat.pickup.minecraft.wheat":20,"stat.chestOpened":69,"stat.useItem.primitivemobs.goblin_mace":40,"stat.drop.mod_lavacow.tooth_dagger":2,"stat.useItem.minecraft.splash_potion":511,"stat.killEntity.primitivemobs.brain_slime":17,"stat.pickup.zoocraftdiscoveries.seed_tarragon":1,"stat.useItem.minecraft.stone":6,"stat.pickup.minecraft.arrow":9,"stat.pickup.minecraft.iron_sword":1,"stat.pickup.zoocraftdiscoveries.herb_chive":1,"stat.useItem.minecraft.apple":2,"stat.entityKilledBy.primitivemobs.bewitched_tome":2,"stat.useItem.minecraft.potion":1,"stat.useItem.minecraft.rotten_flesh":1,"stat.jump":1375,"stat.useItem.minecraft.wooden_hoe":25,"stat.pickup.minecraft.coal":38,"stat.fallOneCm":24496,"stat.pickup.minecraft.iron_ingot":5,"stat.pickup.minecraft.melon_seeds":4,"stat.useItem.minecraft.stone_axe":10,"stat.pickup.minecraft.gunpowder":4,"stat.craftItem.minecraft.bread":6,"stat.crouchOneCm":33241,"stat.craftItem.minecraft.torch":48,"stat.killEntity.primitivemobs.goblin":3,"stat.craftItem.minecraft.iron_ingot":56,"stat.entityKilledBy.primitivemobs.mother_spider":1,"stat.craftItem.minecraft.chest":1,"stat.pickup.minecraft.dirt":341,"stat.craftItem.minecraft.iron_helmet":1,"stat.pickup.zoocraftdiscoveries.herb_basil":4,"stat.craftingTableInteraction":6,"stat.pickup.minecraft.iron_ore":57,"stat.entityKilledBy.primitivemobs.haunted_tool":1,"stat.pickup.minecraft.gold_ore":13,"stat.useItem.minecraft.sapling":2,"stat.mineBlock.minecraft.iron_bars":3,"stat.pickup.primitivemobs.goblin_mace":2,"stat.craftItem.tconstruct.pattern":12,"stat.damageTaken":5692,"stat.mineBlock.minecraft.torch":3,"stat.mineBlock.minecraft.furnace":1,"stat.useItem.minecraft.wooden_pickaxe":59,"stat.useItem.minecraft.furnace":1,"stat.drop.zoocraftdiscoveries.seed_oregano":1,"stat.craftItem.spartanweaponry.katana_iron":2,"stat.craftItem.minecraft.wooden_sword":1,"stat.pickup.minecraft.dye":4,"stat.pickup.zoocraftdiscoveries.seed_saffron":9,"stat.pickup.minecraft.planks":19,"stat.pickup.minecraft.wheat_seeds":46,"stat.entityKilledBy.Zombie":1,"stat.useItem.minecraft.stone_pickaxe":110,"stat.craftItem.minecraft.iron_leggings":1,"stat.drop.zoocraftdiscoveries.seed_coriander":2,"stat.damageDealt":6913,"stat.killEntity.bound_soul":1,"stat.sleepInBed":3,"stat.pickup.zoocraftdiscoveries.herb_rosemary":1,"stat.mineBlock.minecraft.dirt":99,"stat.killEntity.primitivemobs.baby_spider":2,"stat.useItem.minecraft.iron_bars":1,"stat.walkOneCm":447665,"stat.useItem.minecraft.bread":24,"stat.useItem.minecraft.torch":53,"stat.playerKills":2,"stat.pickup.minecraft.stick":5,"stat.drop.minecraft.rotten_flesh":1,"stat.pickup.minecraft.crafting_table":2,"stat.useItem.minecraft.log":1,"stat.useItem.minecraft.cobblestone":45,"stat.craftItem.minecraft.crafting_table":2,"stat.mineBlock.minecraft.double_plant":2,"stat.pickup.mod_lavacow.mimic_claw":1,"stat.pickup.minecraft.log":54,"stat.useItem.minecraft.cooked_fish":1,"stat.pickup.minecraft.tnt":1,"stat.craftItem.minecraft.gold_ingot":13,"stat.pickup.minecraft.stone":9,"stat.craftItem.minecraft.iron_chestplate":1,"stat.pickup.zoocraftdiscoveries.seed_coriander":2,"stat.pickup.minecraft.sapling":25,"stat.pickup.minecraft.apple":2,"stat.killEntity.Skeleton":4,"stat.pickup.mod_lavacow.sharptooth":2,"stat.craftItem.minecraft.planks":112,"stat.useItem.minecraft.iron_sword":14,"stat.useItem.spartanweaponry.katana_iron":114,"stat.killEntity.Spider":1,"stat.pickup.minecraft.bread":3,"stat.craftItem.minecraft.fishing_rod":1,"stat.drop.zoocraftdiscoveries.seed_tarragon":1,"stat.mobKills":49,"stat.pickup.minecraft.book":1,"stat.mineBlock.minecraft.log":53,"stat.useItem.carryon.entity_item":14,"stat.killEntity.mod_lavacow.scarecrow":1,"stat.pickup.minecraft.diamond":2,"stat.mineBlock.minecraft.leaves":7,"stat.pickup.minecraft.torch":7,"stat.mineBlock.minecraft.redstone_ore":4,"stat.sneakTime":10595,"stat.pickup.minecraft.wool":1,"stat.useItem.minecraft.wooden_axe":24,"stat.mineBlock.minecraft.stone":163,"stat.pickup.minecraft.golden_rail":3,"stat.drop.minecraft.wooden_axe":1,"stat.pickup.minecraft.chest":1}