{"stat.useItem.minecraft.splash_potion":511,"stat.pickup.minecraft.bone":6,"stat.pickup.minecraft.wooden_slab":1,"stat.leaveGame":1,"stat.pickup.minecraft.arrow":3,"stat.useItem.minecraft.diamond_sword":4,"stat.useItem.minecraft.mutton":2,"stat.jump":285,"stat.swimOneCm":1778,"stat.pickup.minecraft.coal":1,"stat.fallOneCm":4253,"stat.useItem.minecraft.planks":1,"stat.pickup.minecraft.melon_seeds":4,"stat.pickup.minecraft.gunpowder":2,"stat.crouchOneCm":3450,"stat.craftItem.minecraft.torch":4,"stat.pickup.minecraft.dirt":154,"stat.useItem.minecraft.dirt":2,"stat.useItem.minecraft.stone_slab2":5,"stat.craftingTableInteraction":2,"stat.killEntity.primitivemobs.skeleton_warrior":1,"stat.pickup.minecraft.sand":5,"stat.killEntity.primitivemobs.festive_creeper":1,"stat.damageTaken":996,"stat.useItem.minecraft.wooden_pickaxe":1,"stat.mineBlock.minecraft.wooden_slab":3,"stat.pickup.minecraft.dye":2,"stat.flyOneCm":55979,"stat.pickup.zoocraftdiscoveries.seed_oregano":1,"stat.pickup.minecraft.wheat_seeds":2,"stat.craftItem.minecraft.wooden_slab":6,"stat.damageDealt":742,"stat.timeSinceDeath":6796,"stat.mineBlock.minecraft.dirt":38,"stat.pickup.mod_lavacow.intestine":1,"stat.useItem.minecraft.wooden_slab":3,"stat.craftItem.minecraft.wooden_pickaxe":1,"stat.pickup.minecraft.mutton":2,"stat.walkOneCm":76306,"stat.useItem.minecraft.bread":8,"stat.useItem.minecraft.torch":1,"stat.playerKills":1,"stat.pickup.minecraft.crafting_table":2,"stat.craftItem.minecraft.crafting_table":1,"stat.pickup.minecraft.log":21,"stat.pickup.minecraft.string":2,"stat.killEntity.mod_lavacow.mimic":1,"stat.pickup.minecraft.tnt":1,"stat.pickup.minecraft.sapling":12,"stat.sprintOneCm":20331,"stat.craftItem.minecraft.stick":12,"stat.craftItem.minecraft.wooden_axe":2,"stat.craftItem.minecraft.planks":80,"stat.mineBlock.minecraft.crafting_table":2,"stat.killEntity.Spider":1,"stat.pickup.minecraft.bread":1,"stat.mobKills":5,"stat.mineBlock.minecraft.log":21,"stat.useItem.carryon.entity_item":5,"stat.mineBlock.minecraft.planks":1,"stat.deaths":2,"stat.drop":2,"stat.playOneMinute":30116,"stat.killEntity.Sheep":1,"stat.sneakTime":1345,"stat.pickup.minecraft.wool":1,"stat.drop.minecraft.bread":1,"stat.useItem.minecraft.wooden_axe":24,"stat.mineBlock.minecraft.tallgrass":1,"stat.drop.minecraft.wooden_axe":1,"stat.diveOneCm":561}