{"stat.useItem.minecraft.bow":14,"stat.pickup.minecraft.wooden_slab":1,"stat.leaveGame":3,"stat.pickup.mod_lavacow.cursed_fabric":3,"stat.useItem.minecraft.mutton":2,"stat.useItem.minecraft.planks":1,"stat.useItem.minecraft.water_bucket":7,"stat.killEntity.primitivemobs.skeleton_warrior":3,"stat.pickup.minecraft.rotten_flesh":3,"stat.pickup.minecraft.sand":5,"stat.useItem.zoocraftdiscoveries.seed_chive":1,"stat.killEntity.primitivemobs.festive_creeper":1,"stat.craftItem.minecraft.stone_axe":1,"stat.entityKilledBy.primitivemobs.rocket_creeper":1,"stat.entityKilledBy.primitivemobs.skeleton_warrior":2,"stat.pickup.minecraft.name_tag":1,"stat.useItem.tconstruct.throwball":2,"stat.mineBlock.minecraft.wooden_slab":3,"stat.pickup.minecraft.wooden_hoe":2,"stat.pickup.zoocraftdiscoveries.seed_oregano":2,"stat.pickup.zoocraftdiscoveries.seed_chive":5,"stat.craftItem.minecraft.wooden_hoe":2,"stat.craftItem.spartanshields.shield_basic_wood":3,"stat.drop.spartanweaponry.katana_iron":2,"stat.pickup.mod_lavacow.intestine":2,"stat.useItem.minecraft.iron_pickaxe":367,"stat.pickup.minecraft.stained_hardened_clay":1,"stat.craftItem.minecraft.wooden_pickaxe":1,"stat.furnaceInteraction":52,"stat.craftItem.spartanweaponry.material":2,"stat.killEntity.mod_lavacow.mimic":7,"stat.useItem.minecraft.cooked_mutton":7,"stat.pickup.minecraft.furnace":1,"stat.drop.minecraft.stained_hardened_clay":1,"stat.entityKilledBy.primitivemobs.goblin":1,"stat.pickup.minecraft.leather_helmet":3,"stat.useItem.mod_lavacow.tooth_dagger":2,"stat.drop.minecraft.wooden_hoe":1,"stat.useItem.minecraft.wheat_seeds":42,"stat.pickup.minecraft.pumpkin_seeds":7,"stat.pickup.minecraft.emerald":1,"stat.useItem.minecraft.dye":66,"stat.deaths":17,"stat.playOneMinute":206245,"stat.craftItem.minecraft.iron_pickaxe":2,"stat.pickup.minecraft.iron_bars":3,"stat.drop.minecraft.glass_bottle":1,"stat.drop.minecraft.iron_ingot":4,"stat.mineBlock.minecraft.tallgrass":103,"stat.craftItem.minecraft.cooked_mutton":2,"stat.pickup.minecraft.cooked_mutton":6,"stat.chestOpened":111,"stat.useItem.primitivemobs.goblin_mace":40,"stat.drop.mod_lavacow.tooth_dagger":2,"stat.useItem.minecraft.splash_potion":511,"stat.killEntity.primitivemobs.brain_slime":17,"stat.useItem.minecraft.stone":17,"stat.pickup.minecraft.arrow":11,"stat.pickup.minecraft.iron_sword":1,"stat.pickup.zoocraftdiscoveries.herb_chive":1,"stat.drop.chisel.planks-oak":1,"stat.drop.minecraft.iron_pickaxe":1,"stat.fallOneCm":34571,"stat.drop.minecraft.stone":3,"stat.pickup.minecraft.melon_seeds":4,"stat.crouchOneCm":48098,"stat.craftItem.minecraft.iron_ingot":58,"stat.craftItem.minecraft.chest":1,"stat.useItem.mod_lavacow.mimic_claw_cooked":3,"stat.craftingTableInteraction":7,"stat.pickup.primitivemobs.goblin_mace":4,"stat.craftItem.tconstruct.pattern":12,"stat.useItem.minecraft.furnace":2,"stat.craftItem.minecraft.wooden_sword":1,"stat.pickup.minecraft.dye":51,"stat.pickup.minecraft.planks":19,"stat.pickup.minecraft.wheat_seeds":56,"stat.mineBlock.minecraft.gravel":18,"stat.useItem.minecraft.stone_pickaxe":112,"stat.craftItem.minecraft.iron_leggings":1,"stat.mineBlock.minecraft.dirt":121,"stat.killEntity.primitivemobs.baby_spider":2,"stat.useItem.minecraft.iron_bars":1,"stat.useItem.minecraft.bread":29,"stat.useItem.minecraft.torch":87,"stat.killEntity.primitivemobs.bewitched_tome":1,"stat.drop.minecraft.rotten_flesh":1,"stat.pickup.minecraft.crafting_table":2,"stat.useItem.minecraft.log":1,"stat.useItem.minecraft.cobblestone":49,"stat.craftItem.minecraft.crafting_table":3,"stat.useItem.minecraft.gravel":12,"stat.mineBlock.minecraft.double_plant":2,"stat.pickup.minecraft.log":58,"stat.useItem.minecraft.cooked_fish":2,"stat.craftItem.minecraft.gold_ingot":13,"stat.pickup.minecraft.sapling":25,"stat.pickup.minecraft.apple":2,"stat.craftItem.minecraft.bucket":1,"stat.craftItem.minecraft.planks":128,"stat.useItem.minecraft.iron_sword":29,"stat.killEntity.primitivemobs.flame_spewer":2,"stat.useItem.spartanweaponry.katana_iron":118,"stat.craftItem.minecraft.fishing_rod":1,"stat.drop.zoocraftdiscoveries.seed_tarragon":1,"stat.pickup.minecraft.book":1,"stat.mineBlock.minecraft.log":58,"stat.useItem.carryon.entity_item":16,"stat.sneakTime":16026,"stat.pickup.minecraft.wool":1,"stat.useItem.minecraft.wooden_axe":24,"stat.pickup.minecraft.stone_slab":1,"stat.pickup.minecraft.golden_rail":3,"stat.drop.minecraft.wooden_axe":1,"stat.pickup.minecraft.chest":3,"stat.pickup.zoocraftdiscoveries.seed_bay":3,"stat.pickup.minecraft.bone":21,"stat.pickup.chisel.planks-oak":1,"stat.pickup.minecraft.flint":2,"stat.useItem.minecraft.diamond_sword":4,"stat.swimOneCm":77587,"stat.pickup.minecraft.enchanted_book":1,"stat.useItem.minecraft.dirt":209,"stat.pickup.zoocraftdiscoveries.seed_basil":11,"stat.useItem.minecraft.stone_slab2":52,"stat.killEntity.primitivemobs.mother_spider":1,"stat.craftItem.minecraft.furnace":4,"stat.craftItem.spartanshields.shield_basic_iron":2,"stat.craftItem.minecraft.iron_boots":2,"stat.drop.zoocraftdiscoveries.seed_saffron":5,"stat.pickup.zoocraftdiscoveries.herb_saffron":2,"stat.craftItem.minecraft.stone_pickaxe":1,"stat.pickup.minecraft.cobblestone":893,"stat.flyOneCm":298575,"stat.pickup.minecraft.glass_bottle":1,"stat.drop.minecraft.wheat_seeds":1,"stat.craftItem.minecraft.wooden_slab":6,"stat.useItem.zoocraftdiscoveries.seed_basil":4,"stat.pickup.minecraft.redstone":195,"stat.mineBlock.minecraft.iron_ore":111,"stat.timeSinceDeath":15368,"stat.useItem.minecraft.wooden_slab":3,"stat.pickup.minecraft.mutton":2,"stat.pickup.minecraft.stonebrick":1,"stat.drop.minecraft.beetroot_seeds":2,"stat.mineBlock.minecraft.coal_ore":101,"stat.killEntity.Creeper":1,"stat.pickup.minecraft.string":10,"stat.entityKilledBy.primitivemobs.baby_spider":2,"stat.craftItem.minecraft.stone_slab2":0,"stat.craftItem.mod_lavacow.tooth_dagger":4,"stat.craftItem.tconstruct.tooltables":3,"stat.sprintOneCm":194664,"stat.craftItem.minecraft.stick":76,"stat.craftItem.minecraft.wooden_axe":2,"stat.useItem.carryon.tile_item":1,"stat.mineBlock.minecraft.crafting_table":2,"stat.pickup.zoocraftdiscoveries.seed_rosemary":5,"stat.mineBlock.minecraft.planks":1,"stat.drop":34,"stat.useItem.minecraft.wooden_sword":7,"stat.killEntity.Sheep":1,"stat.pickup.minecraft.slime_ball":15,"stat.killEntity.Zombie":7,"stat.craftItem.minecraft.dye":63,"stat.drop.minecraft.bread":3,"stat.pickup.zoocraftdiscoveries.herb_bay":1,"stat.mineBlock.minecraft.gold_ore":13,"stat.diveOneCm":21559,"stat.craftItem.minecraft.sandstone":1,"stat.pickup.minecraft.wheat":24,"stat.pickup.zoocraftdiscoveries.seed_tarragon":1,"stat.pickup.minecraft.gravel":16,"stat.useItem.minecraft.apple":2,"stat.entityKilledBy.primitivemobs.bewitched_tome":2,"stat.useItem.minecraft.potion":2,"stat.useItem.minecraft.rotten_flesh":1,"stat.jump":1790,"stat.useItem.minecraft.wooden_hoe":25,"stat.pickup.minecraft.coal":117,"stat.pickup.minecraft.iron_ingot":35,"stat.useItem.minecraft.stone_axe":13,"stat.pickup.minecraft.gunpowder":6,"stat.craftItem.minecraft.bread":7,"stat.pickup.minecraft.spider_eye":1,"stat.craftItem.minecraft.torch":104,"stat.killEntity.primitivemobs.goblin":4,"stat.entityKilledBy.primitivemobs.mother_spider":1,"stat.pickup.minecraft.dirt":365,"stat.craftItem.minecraft.iron_helmet":2,"stat.pickup.zoocraftdiscoveries.herb_basil":5,"stat.pickup.minecraft.iron_ore":111,"stat.entityKilledBy.primitivemobs.haunted_tool":1,"stat.pickup.minecraft.gold_ore":13,"stat.useItem.minecraft.sapling":2,"stat.mineBlock.minecraft.iron_bars":3,"stat.mineBlock.minecraft.lapis_ore":8,"stat.damageTaken":7525,"stat.mineBlock.minecraft.torch":4,"stat.mineBlock.minecraft.furnace":1,"stat.useItem.minecraft.wooden_pickaxe":59,"stat.drop.zoocraftdiscoveries.seed_oregano":1,"stat.craftItem.spartanweaponry.katana_iron":4,"stat.pickup.zoocraftdiscoveries.seed_saffron":9,"stat.craftItem.mod_lavacow.mimic_claw_cooked":8,"stat.entityKilledBy.Zombie":3,"stat.drop.zoocraftdiscoveries.seed_coriander":2,"stat.damageDealt":7675,"stat.killEntity.bound_soul":1,"stat.sleepInBed":3,"stat.pickup.zoocraftdiscoveries.herb_rosemary":2,"stat.walkOneCm":571688,"stat.playerKills":4,"stat.pickup.minecraft.stick":5,"stat.craftItem.tconstruct.throwball":2,"stat.pickup.mod_lavacow.mimic_claw":8,"stat.pickup.minecraft.tnt":1,"stat.drop.minecraft.iron_chestplate":1,"stat.pickup.minecraft.stone":67,"stat.craftItem.minecraft.iron_chestplate":2,"stat.pickup.zoocraftdiscoveries.seed_coriander":2,"stat.killEntity.Skeleton":4,"stat.pickup.mod_lavacow.sharptooth":2,"stat.killEntity.Spider":2,"stat.pickup.minecraft.bread":6,"stat.mobKills":59,"stat.killEntity.mod_lavacow.scarecrow":1,"stat.pickup.minecraft.diamond":2,"stat.mineBlock.minecraft.leaves":18,"stat.pickup.minecraft.beetroot_seeds":2,"stat.pickup.minecraft.torch":13,"stat.mineBlock.minecraft.redstone_ore":32,"stat.mineBlock.minecraft.stone":260}