{"stat.walkOneCm":16972,"stat.craftItem.minecraft.planks":80,"stat.pickup.minecraft.crafting_table":1,"stat.damageTaken":10,"stat.mineBlock.minecraft.crafting_table":1,"stat.craftItem.minecraft.crafting_table":1,"stat.mineBlock.minecraft.log":21,"stat.useItem.carryon.entity_item":2,"stat.pickup.minecraft.log":20,"stat.flyOneCm":7523,"stat.drop":1,"stat.jump":51,"stat.swimOneCm":1335,"stat.playOneMinute":9284,"stat.fallOneCm":1047,"stat.useItem.minecraft.planks":1,"stat.sneakTime":267,"stat.damageDealt":25,"stat.crouchOneCm":1077,"stat.timeSinceDeath":9284,"stat.pickup.minecraft.sapling":9,"stat.useItem.minecraft.wooden_axe":4,"stat.sprintOneCm":8770,"stat.mineBlock.minecraft.dirt":5,"stat.useItem.minecraft.stone_slab2":1,"stat.mineBlock.minecraft.tallgrass":1,"stat.drop.minecraft.wooden_axe":1,"stat.diveOneCm":329,"stat.craftItem.minecraft.stick":4,"stat.craftItem.minecraft.wooden_axe":2,"stat.craftingTableInteraction":1}