{"stat.useItem.minecraft.bow":83,"stat.pickup.minecraft.wooden_slab":1,"stat.leaveGame":40,"stat.pickup.treasure2.great_gold_necklace":1,"stat.drop.treasure2.gold_coin":2,"stat.drop.minecraft.gunpowder":3,"stat.pickup.tconstruct.edible":17,"stat.pickup.ebwizardry.spell_book":2,"stat.pickup.mutantbeasts.mutant_skeleton_pelvis":3,"stat.craftItem.minecraft.shield":1,"stat.killEntity.primitivemobs.skeleton_warrior":18,"stat.entityKilledBy.mod_lavacow.mimic":1,"stat.pickup.minecraft.rotten_flesh":29,"stat.pickup.mod_lavacow.parasite_item":3,"stat.useItem.zoocraftdiscoveries.seed_chive":1,"stat.useItem.chisel.marble":123,"stat.craftItem.minecraft.stone_axe":1,"stat.entityKilledBy.primitivemobs.rocket_creeper":1,"stat.useItem.tconstruct.throwball":12,"stat.pickup.minecraft.bucket":3,"stat.entityKilledBy.mod_lavacow.scarecrow":1,"stat.useItem.minecraft.rail":2,"stat.killEntity.Enderman":2,"stat.mineBlock.minecraft.wooden_slab":3,"stat.pickup.minecraft.brown_mushroom":4,"stat.pickup.treasure2.copper_charm":2,"stat.drop.ebwizardry.spell_book":3,"stat.drop.treasure2.iron_ring":1,"stat.drop.minecraft.tnt":1,"stat.drop.spartanweaponry.katana_iron":2,"stat.useItem.zoocraftdiscoveries.frogspawn":13,"stat.pickup.mod_lavacow.intestine":10,"stat.useItem.minecraft.iron_pickaxe":868,"stat.pickup.minecraft.stained_hardened_clay":1,"stat.craftItem.minecraft.wooden_pickaxe":1,"stat.pickup.minecraft.double_plant":8,"stat.mineBlock.chisel.marble2":205,"stat.mineBlock.chisel.marble1":1,"stat.furnaceInteraction":202,"stat.mineBlock.minecraft.rail":2,"stat.craftItem.spartanweaponry.material":2,"stat.killEntity.ZombieVillager":1,"stat.killEntity.mod_lavacow.mimic":11,"stat.pickup.minecraft.beef":36,"stat.entityKilledBy.primitivemobs.goblin":1,"stat.pickup.minecraft.leather_helmet":3,"stat.useItem.mod_lavacow.tooth_dagger":2,"stat.pickup.minecraft.potion":4,"stat.pickup.primitivemobs.mimic_orb":1,"stat.craftItem.ebwizardry.magic_wand":1,"stat.useItem.minecraft.wheat_seeds":60,"stat.drop.minecraft.cooked_fish":4,"stat.pickup.minecraft.emerald":6,"stat.useItem.minecraft.dye":75,"stat.useItem.minecraft.beef":2,"stat.deaths":38,"stat.killEntity.primitivemobs.rocket_creeper":2,"stat.craftItem.minecraft.iron_pickaxe":4,"stat.useItem.chisel.planks-oak":2,"stat.drop.minecraft.glass_bottle":2,"stat.drop.minecraft.iron_ingot":4,"stat.pickup.chisel.marble1":1,"stat.craftItem.mutantbeasts.mutant_skeleton_arms":4,"stat.pickup.chisel.marble2":205,"stat.mineBlock.minecraft.tallgrass":164,"stat.craftItem.minecraft.cooked_mutton":27,"stat.fishCaught":8,"stat.pickup.minecraft.cooked_mutton":7,"stat.pickup.tconstruct.seared":7,"stat.chestOpened":859,"stat.useItem.primitivemobs.goblin_mace":40,"stat.useItem.minecraft.splash_potion":511,"stat.killEntity.primitivemobs.brain_slime":18,"stat.useItem.minecraft.stone":18,"stat.pickup.minecraft.arrow":37,"stat.pickup.minecraft.iron_sword":2,"stat.drop.treasure2.iron_key":1,"stat.drop.minecraft.iron_pickaxe":1,"stat.pickup.mutantbeasts.mutant_skeleton_shoulder_pad":6,"stat.pickup.minecraft.carrot":71,"stat.pickup.mutantbeasts.mutant_skeleton_skull":2,"stat.drop.minecraft.stone_sword":1,"stat.crouchOneCm":266191,"stat.pickup.minecraft.rail":6,"stat.craftItem.minecraft.iron_ingot":163,"stat.useItem.mod_lavacow.mimic_claw_cooked":8,"stat.craftingTableInteraction":14,"stat.mineBlock.tconstruct.rack":2,"stat.craftItem.tconstruct.pattern":39,"stat.useItem.chisel.marble1":10,"stat.craftItem.minecraft.wooden_sword":1,"stat.pickup.minecraft.dye":84,"stat.pickup.minecraft.planks":25,"stat.pickup.chisel.limestone2":28,"stat.pickup.minecraft.wheat_seeds":82,"stat.craftItem.tconstruct.slime_congealed":4,"stat.mineBlock.minecraft.dirt":647,"stat.pickup.tconstruct.pattern":1,"stat.useItem.minecraft.bread":58,"stat.killEntity.primitivemobs.bewitched_tome":4,"stat.drop.minecraft.rotten_flesh":8,"stat.useItem.minecraft.cobblestone":275,"stat.useItem.minecraft.gravel":30,"stat.mineBlock.minecraft.double_plant":7,"stat.pickup.zoocraftdiscoveries.seed_dill":2,"stat.pickup.tconstruct.throwball":2,"stat.drop.minecraft.chicken":1,"stat.useItem.tconstruct.pickaxe":82,"stat.craftItem.minecraft.gold_ingot":17,"stat.drop.ebwizardry.arcane_workbench":1,"stat.craftItem.chisel.chisel_iron":2,"stat.mineBlock.treasure2.gravestone1_obsidian":1,"stat.pickup.minecraft.apple":10,"stat.drop.minecraft.fish":1,"stat.craftItem.minecraft.bucket":1,"stat.craftItem.minecraft.planks":452,"stat.useItem.minecraft.iron_sword":649,"stat.drop.treasure2.great_gold_necklace":1,"stat.craftItem.minecraft.fishing_rod":2,"stat.drop.zoocraftdiscoveries.seed_tarragon":2,"stat.pickup.minecraft.book":3,"stat.mineBlock.minecraft.log":271,"stat.useItem.carryon.entity_item":47,"stat.craftItem.mutantbeasts.mutant_skeleton_leggings":2,"stat.pickup.minecraft.red_flower":71,"stat.pickup.mutantbeasts.mutant_skeleton_limb":20,"stat.pickup.minecraft.wool":24,"stat.useItem.minecraft.wooden_axe":24,"stat.drop.minecraft.grass":3,"stat.pickup.zoocraftdiscoveries.seed_bay":4,"stat.useItem.minecraft.iron_axe":51,"stat.mineBlock.minecraft.cobblestone":20,"stat.drop.mod_lavacow.mimic_claw_cooked":1,"stat.pickup.minecraft.flint":62,"stat.mineBlock.minecraft.yellow_flower":4,"stat.entityKilledBy.Witch":1,"stat.pickup.minecraft.enchanted_book":2,"stat.pickup.spartanshields.shield_basic_iron":1,"stat.pickup.minecraft.cooked_porkchop":7,"stat.mineBlock.chisel.marble":9,"stat.useItem.minecraft.cookie":3,"stat.useItem.minecraft.stone_slab2":623,"stat.pickup.minecraft.bow":2,"stat.pickup.minecraft.iron_boots":1,"stat.craftItem.minecraft.furnace":8,"stat.craftItem.minecraft.iron_boots":4,"stat.pickup.zoocraftdiscoveries.herb_saffron":2,"stat.pickup.treasure2.wither_log":4,"stat.craftItem.minecraft.cooked_beef":27,"stat.mineBlock.minecraft.obsidian":6,"stat.pickup.mutantbeasts.mutant_skeleton_rib":17,"stat.mineBlock.minecraft.clay":51,"stat.flyOneCm":3000881,"stat.pickup.minecraft.fish":10,"stat.timeSinceDeath":8137,"stat.drop.spartanweaponry.scythe_iron":1,"stat.useItem.minecraft.wooden_slab":3,"stat.craftItem.minecraft.iron_block":3,"stat.pickup.ebwizardry.arcane_workbench":3,"stat.killEntity.mod_lavacow.parasite":9,"stat.pickup.travelersbackpack.travelers_backpack":6,"stat.craftItem.tconstruct.seared":82,"stat.drop.tconstruct.throwball":3,"stat.useItem.tconstruct.rack":2,"stat.mineBlock.minecraft.coal_ore":294,"stat.drop.minecraft.wool":1,"stat.killEntity.Creeper":6,"stat.pickup.minecraft.wooden_sword":2,"stat.pickup.minecraft.string":36,"stat.entityKilledBy.Skeleton":1,"stat.drop.minecraft.oak_stairs":3,"stat.craftItem.tconstruct.tooltables":10,"stat.sprintOneCm":650388,"stat.craftItem.minecraft.wooden_axe":2,"stat.killEntity.ebwizardry:evil_wizard":1,"stat.useItem.carryon.tile_item":41,"stat.mineBlock.minecraft.diamond_ore":10,"stat.mineBlock.treasure2.wither_log_soul":1,"stat.pickup.zoocraftdiscoveries.seed_rosemary":7,"stat.entityKilledBy.primitivemobs.mimic":1,"stat.drop.minecraft.boat":1,"stat.useItem.minecraft.wooden_sword":7,"stat.killEntity.primitivemobs.harpy":7,"stat.killEntity.Zombie":39,"stat.craftItem.minecraft.dye":78,"stat.pickup.zoocraftdiscoveries.herb_bay":1,"stat.mineBlock.minecraft.gold_ore":42,"stat.diveOneCm":150862,"stat.craftItem.minecraft.sandstone":1,"stat.pickup.minecraft.wheat":62,"stat.pickup.zoocraftdiscoveries.seed_tarragon":2,"stat.craftItem.minecraft.cooked_porkchop":2,"stat.mineBlock.tconstruct.slime_leaves":1,"stat.pickup.minecraft.obsidian":5,"stat.pickup.mod_lavacow.scarecrowhead_straw":4,"stat.useItem.minecraft.rotten_flesh":8,"stat.drop.minecraft.sponge":1,"stat.drop.treasure2.silver_ring":1,"stat.jump":7536,"stat.useItem.minecraft.sand":6,"stat.pickup.minecraft.coal":371,"stat.pickup.minecraft.iron_ingot":43,"stat.pickup.tconstruct.seared_tank":1,"stat.pickup.minecraft.gunpowder":26,"stat.drop.minecraft.wooden_sword":1,"stat.craftItem.minecraft.torch":332,"stat.useItem.spartanweaponry.boomerang_wood":2,"stat.pickup.minecraft.dirt":1192,"stat.pickup.minecraft.gold_ore":42,"stat.useItem.minecraft.sapling":3,"stat.mineBlock.minecraft.lapis_ore":11,"stat.pickup.minecraft.iron_axe":1,"stat.damageTaken":25842,"stat.mineBlock.minecraft.torch":10,"stat.mineBlock.minecraft.red_flower":50,"stat.killEntity.tconstruct.blueslime":21,"stat.drop.zoocraftdiscoveries.seed_oregano":1,"stat.craftItem.spartanweaponry.katana_iron":4,"stat.pickup.minecraft.ender_eye":3,"stat.pickup.ebwizardry.crystal_flower":5,"stat.drop.tconstruct.slimesling":1,"stat.pickup.zoocraftdiscoveries.seed_saffron":9,"stat.craftItem.mutantbeasts.mutant_skeleton_chestplate":2,"stat.craftItem.mod_lavacow.mimic_claw_cooked":9,"stat.useItem.forge.bucketfilled":2,"stat.entityKilledBy.Zombie":4,"stat.pickup.zoocraftdiscoveries.herb_rosemary":2,"stat.animalsBred":2,"stat.useItem.minecraft.chest":12,"stat.craftItem.tconstruct.smeltery_io":1,"stat.drop.minecraft.wheat":3,"stat.pickup.treasure2.amethyst_charm":1,"stat.useItem.minecraft.lava_bucket":2,"stat.pickup.mod_lavacow.mimic_claw":10,"stat.craftItem.minecraft.iron_chestplate":4,"stat.killEntity.mod_lavacow.undeadswine":2,"stat.pickup.minecraft.ender_pearl":5,"stat.pickup.minecraft.cooked_beef":9,"stat.craftItem.travelersbackpack.sleeping_bag_bottom":2,"stat.craftItem.mutantbeasts.mutant_skeleton_rib_cage":2,"stat.mineBlock.minecraft.tnt":3,"stat.pickup.zoocraftdiscoveries.seed_thyme":2,"stat.mobKills":317,"stat.craftItem.minecraft.shears":1,"stat.useItem.minecraft.boat":1,"stat.pickup.minecraft.diamond":13,"stat.pickup.minecraft.beetroot_seeds":12,"stat.pickup.minecraft.torch":34,"stat.mineBlock.tconstruct.seared_tank":1,"stat.pickup.blocklings.blockling":2,"stat.mineBlock.ebwizardry.crystal_flower":5,"stat.useItem.mod_lavacow.parasite_item":2,"stat.craftItem.minecraft.iron_axe":2,"stat.killEntity.mutantbeasts.mutant_skeleton":2,"stat.pickup.mod_lavacow.cursed_fabric":16,"stat.useItem.minecraft.mutton":4,"stat.useItem.minecraft.planks":6,"stat.pickup.minecraft.porkchop":29,"stat.pickup.minecraft.blaze_powder":1,"stat.pickup.tconstruct.slimesling":1,"stat.useItem.minecraft.water_bucket":28,"stat.pickup.minecraft.sand":263,"stat.entityKilledBy.Spider":1,"stat.killEntity.primitivemobs.festive_creeper":5,"stat.entityKilledBy.primitivemobs.skeleton_warrior":3,"stat.pickup.minecraft.name_tag":2,"stat.craftItem.tconstruct.casting":3,"stat.pickup.minecraft.wooden_hoe":2,"stat.useItem.minecraft.ender_pearl":1,"stat.pickup.zoocraftdiscoveries.seed_oregano":3,"stat.mineBlock.minecraft.sand":259,"stat.pickup.zoocraftdiscoveries.seed_chive":6,"stat.craftItem.minecraft.wooden_hoe":4,"stat.pickup.treasure2.iron_lock":3,"stat.craftItem.minecraft.cooked_fish":4,"stat.craftItem.spartanshields.shield_basic_wood":3,"stat.useItem.minecraft.spawn_egg":12,"stat.mineBlock.tconstruct.slime_grass_tall":2,"stat.pickup.mod_lavacow.ectoplasm":1,"stat.useItem.treasure2.leaf_key":1,"stat.pickup.mod_lavacow.undyingheart":2,"stat.useItem.minecraft.cooked_mutton":33,"stat.pickup.minecraft.furnace":3,"stat.pickup.primitivemobs.spider_egg":1,"stat.drop.minecraft.stained_hardened_clay":1,"stat.pickup.tconstruct.cast":2,"stat.craftItem.travelersbackpack.travelers_backpack":2,"stat.drop.minecraft.fishing_rod":1,"stat.entityKilledBy.mutantbeasts.mutant_skeleton":2,"stat.drop.minecraft.wooden_hoe":2,"stat.pickup.minecraft.pumpkin_seeds":7,"stat.pickup.tconstruct.slime_dirt":9,"stat.drop.zoocraftdiscoveries.seed_rosemary":1,"stat.pickup.treasure2.leaf_lock":5,"stat.pickup.mod_lavacow.pigboarhide":2,"stat.playOneMinute":968437,"stat.pickup.tconstruct.rack":2,"stat.pickup.minecraft.iron_bars":3,"stat.pickup.treasure2.treasure_tool":1,"stat.drop.mod_lavacow.tooth_dagger":3,"stat.useItem.minecraft.fish":6,"stat.pickup.tconstruct.casting":5,"stat.craftItem.treasure2.wither_planks":16,"stat.pickup.zoocraftdiscoveries.herb_chive":1,"stat.drop.chisel.planks-oak":1,"stat.useItem.ebwizardry.crystal_flower":3,"stat.craftItem.minecraft.iron_nugget":36,"stat.fallOneCm":156152,"stat.drop.minecraft.stone":6,"stat.drop.minecraft.dye":3,"stat.pickup.minecraft.melon_seeds":6,"stat.drop.treasure2.charm_book":1,"stat.craftItem.minecraft.chest":28,"stat.drop.minecraft.book":1,"stat.pickup.minecraft.golden_leggings":1,"stat.pickup.mod_lavacow.swinearmor_boots":1,"stat.pickup.primitivemobs.goblin_mace":5,"stat.pickup.minecraft.feather":22,"stat.pickup.minecraft.record_cat":1,"stat.useItem.minecraft.furnace":2,"stat.craftItem.tconstruct.materials":409,"stat.killEntity.Llama":1,"stat.pickup.minecraft.iron_leggings":1,"stat.pickup.minecraft.lead":1,"stat.mineBlock.minecraft.gravel":169,"stat.useItem.minecraft.stone_pickaxe":270,"stat.drop.zoocraftdiscoveries.frogspawn":1,"stat.craftItem.tconstruct.seared_tank":1,"stat.craftItem.minecraft.iron_leggings":4,"stat.killEntity.primitivemobs.baby_spider":12,"stat.useItem.mod_lavacow.plagued_porkchop":1,"stat.useItem.minecraft.iron_bars":1,"stat.useItem.minecraft.torch":316,"stat.pickup.minecraft.crafting_table":3,"stat.useItem.minecraft.log":37,"stat.craftItem.minecraft.crafting_table":9,"stat.craftItem.minecraft.boat":1,"stat.mineBlock.ebwizardry.crystal_ore":21,"stat.mineBlock.minecraft.emerald_ore":2,"stat.killEntity.zoocraftdiscoveries.frog":29,"stat.pickup.minecraft.log":256,"stat.useItem.minecraft.cooked_fish":18,"stat.pickup.treasure2.silver_ring":1,"stat.drop.minecraft.planks":3,"stat.pickup.minecraft.sapling":75,"stat.craftItem.treasure2.thiefs_lock_pick":6,"stat.craftItem.tconstruct.smeltery_controller":2,"stat.pickup.minecraft.beetroot":2,"stat.killEntity.primitivemobs.flame_spewer":10,"stat.mineBlock.tconstruct.slime_grass":9,"stat.useItem.spartanweaponry.katana_iron":118,"stat.mineBlock.mod_lavacow.glowshroom":3,"stat.pickup.treasure2.wood_key":1,"stat.killEntity.mutantbeasts.mutant_enderman":1,"stat.craftItem.mutantbeasts.mutant_skeleton_boots":2,"stat.useItem.minecraft.beetroot_seeds":1,"stat.sneakTime":70282,"stat.pickup.minecraft.stone_slab":1,"stat.drop.minecraft.yellow_flower":2,"stat.pickup.minecraft.yellow_flower":6,"stat.pickup.minecraft.golden_rail":3,"stat.drop.tconstruct.slime_dirt":5,"stat.drop.minecraft.wooden_axe":1,"stat.useItem.minecraft.fishing_rod":23,"stat.pickup.minecraft.chest":5,"stat.drop.minecraft.stone_pickaxe":1,"stat.pickup.minecraft.bone":52,"stat.horseOneCm":1998,"stat.pickup.chisel.planks-oak":4,"stat.craftItem.tconstruct.faucet":2,"stat.useItem.minecraft.diamond_sword":8,"stat.craftItem.tconstruct.slimesling":2,"stat.swimOneCm":246938,"stat.pickup.zoocraftdiscoveries.frogspawn":13,"stat.climbOneCm":16121,"stat.pickup.chisel.marble":9,"stat.drop.minecraft.brown_mushroom":2,"stat.useItem.minecraft.dirt":615,"stat.pickup.zoocraftdiscoveries.seed_basil":11,"stat.killEntity.primitivemobs.mother_spider":4,"stat.pickup.spartanweaponry.scythe_iron":1,"stat.useItem.minecraft.red_flower":2,"stat.drop.treasure2.copper_coin":5,"stat.craftItem.spartanshields.shield_basic_iron":2,"stat.drop.zoocraftdiscoveries.seed_saffron":5,"stat.useItem.minecraft.iron_ore":5,"stat.drop.spartanweaponry.boomerang_wood":1,"stat.craftItem.minecraft.stone_pickaxe":3,"stat.pickup.minecraft.cobblestone":2656,"stat.pickup.treasure2.gravestone1_obsidian":1,"stat.useItem.minecraft.stone_shovel":829,"stat.mineBlock.chisel.limestone2":29,"stat.pickup.minecraft.glass_bottle":1,"stat.drop.minecraft.wheat_seeds":8,"stat.craftItem.minecraft.wooden_slab":12,"stat.useItem.minecraft.cooked_beef":47,"stat.useItem.zoocraftdiscoveries.seed_basil":4,"stat.pickup.minecraft.redstone":324,"stat.mineBlock.minecraft.iron_ore":335,"stat.pickup.minecraft.mutton":24,"stat.mineBlock.ebwizardry.arcane_workbench":1,"stat.pickup.minecraft.stonebrick":1,"stat.drop.minecraft.dirt":8,"stat.useItem.minecraft.cooked_porkchop":17,"stat.pickup.ebwizardry.magic_crystal":51,"stat.drop.minecraft.beetroot_seeds":7,"stat.craftItem.tconstruct.soil":410,"stat.pickup.tconstruct.smeltery_controller":1,"stat.entityKilledBy.primitivemobs.baby_spider":2,"stat.useItem.tconstruct.edible":1,"stat.craftItem.tconstruct.slime_boots":2,"stat.craftItem.minecraft.stone_slab2":1,"stat.craftItem.mod_lavacow.tooth_dagger":5,"stat.useItem.tconstruct.slime_dirt":4,"stat.drop.zoocraftdiscoveries.seed_dill":1,"stat.craftItem.minecraft.stick":220,"stat.drop.minecraft.potion":1,"stat.craftItem.minecraft.gold_nugget":9,"stat.pickup.minecraft.grass":4,"stat.mineBlock.minecraft.crafting_table":3,"stat.useItem.minecraft.diamond_pickaxe":944,"stat.useItem.minecraft.carrot":64,"stat.useItem.minecraft.wheat":16,"stat.useItem.spartanweaponry.scythe_iron":6,"stat.mineBlock.minecraft.planks":1,"stat.drop":159,"stat.killEntity.Sheep":15,"stat.useItem.tconstruct.seared":58,"stat.pickup.minecraft.slime_ball":36,"stat.craftItem.minecraft.diamond_pickaxe":2,"stat.killEntity.primitivemobs.treasure_slime":3,"stat.useItem.minecraft.melon_seeds":1,"stat.pickup.zoocraftdiscoveries.seed_parsley":1,"stat.drop.minecraft.bread":3,"stat.killEntity.primitivemobs.haunted_tool":2,"stat.pickup.treasure2.wither_stick_item":1,"stat.pickup.minecraft.gravel":545,"stat.drop.minecraft.cooked_beef":2,"stat.useItem.minecraft.diamond_axe":1,"stat.mineBlock.tconstruct.smeltery_controller":1,"stat.useItem.minecraft.apple":15,"stat.useItem.minecraft.porkchop":2,"stat.mineBlock.treasure2.wither_log":4,"stat.entityKilledBy.primitivemobs.bewitched_tome":2,"stat.useItem.minecraft.potion":3,"stat.killEntity.primitivemobs.support_creeper":5,"stat.pickup.minecraft.stone_brick_stairs":1,"stat.pickup.minecraft.diamond_sword":1,"stat.craftItem.travelersbackpack.backpack_tank":3,"stat.useItem.minecraft.wooden_hoe":27,"stat.craftItem.tconstruct.rack":2,"stat.drop.treasure2.copper_charm":1,"stat.pickup.minecraft.iron_helmet":2,"stat.useItem.minecraft.stone_axe":27,"stat.craftItem.minecraft.bread":8,"stat.pickup.ebwizardry.poison_bomb":1,"stat.pickup.minecraft.spider_eye":6,"stat.killEntity.primitivemobs.goblin":8,"stat.entityKilledBy.primitivemobs.mother_spider":2,"stat.craftItem.minecraft.iron_helmet":5,"stat.pickup.zoocraftdiscoveries.herb_basil":5,"stat.drop.blocklings.blockling":1,"stat.pickup.minecraft.iron_ore":361,"stat.pickup.tconstruct.slime_congealed":57,"stat.pickup.mod_lavacow.glowshroom":3,"stat.boatOneCm":8212,"stat.entityKilledBy.primitivemobs.haunted_tool":1,"stat.mineBlock.minecraft.iron_bars":3,"stat.pickup.treasure2.iron_key":3,"stat.pickup.minecraft.leather":18,"stat.drop.tconstruct.cast":1,"stat.mineBlock.minecraft.furnace":3,"stat.useItem.minecraft.wooden_pickaxe":59,"stat.pickup.mod_lavacow.chitin":2,"stat.mineBlock.mod_lavacow.scarecrowhead_straw":2,"stat.pickup.minecraft.reeds":2,"stat.pickup.tconstruct.materials":1,"stat.pickup.minecraft.oak_stairs":1,"stat.drop.zoocraftdiscoveries.seed_coriander":2,"stat.damageDealt":40466,"stat.craftItem.minecraft.glass":33,"stat.killEntity.bound_soul":1,"stat.sleepInBed":13,"stat.craftItem.minecraft.anvil":1,"stat.killEntity.Cow":16,"stat.killEntity.Pig":16,"stat.craftItem.minecraft.iron_sword":1,"stat.craftItem.minecraft.stone_shovel":7,"stat.pickup.minecraft.boat":1,"stat.walkOneCm":2681736,"stat.playerKills":5,"stat.pickup.minecraft.stick":44,"stat.pickup.minecraft.clay_ball":204,"stat.craftItem.tconstruct.throwball":24,"stat.drop.treasure2.silver_coin":16,"stat.killEntity.primitivemobs.mimic":1,"stat.pickup.minecraft.tnt":5,"stat.drop.minecraft.iron_chestplate":1,"stat.pickup.minecraft.stone":310,"stat.pickup.zoocraftdiscoveries.seed_coriander":3,"stat.pickup.treasure2.stone_lock":2,"stat.pickup.minecraft.gold_ingot":2,"stat.killEntity.Skeleton":17,"stat.pickup.mod_lavacow.sharptooth":4,"stat.killEntity.Spider":9,"stat.pickup.minecraft.bread":6,"stat.killEntity.mod_lavacow.scarecrow":5,"stat.killEntity.mod_lavacow.banshee":1,"stat.mineBlock.minecraft.leaves":54,"stat.entityKilledBy.mod_lavacow.parasite":1,"stat.drop.treasure2.wood_key":1,"stat.mineBlock.tconstruct.seared":7,"stat.mineBlock.minecraft.redstone_ore":36,"stat.mineBlock.tconstruct.casting":5,"stat.mineBlock.chisel.planks-oak":3,"stat.mineBlock.minecraft.stone":1106}