{"stat.useItem.minecraft.bow":87,"stat.pickup.minecraft.wooden_slab":1,"stat.leaveGame":44,"stat.pickup.treasure2.great_gold_necklace":1,"stat.drop.treasure2.gold_coin":2,"stat.drop.minecraft.gunpowder":4,"stat.pickup.tconstruct.edible":17,"stat.pickup.ebwizardry.spell_book":2,"stat.pickup.mutantbeasts.mutant_skeleton_pelvis":3,"stat.mineBlock.harvestcraft.beehive":1,"stat.craftItem.minecraft.shield":1,"stat.craftItem.minecraft.stone_pressure_plate":1,"stat.killEntity.primitivemobs.skeleton_warrior":19,"stat.entityKilledBy.mod_lavacow.mimic":1,"stat.pickup.minecraft.rotten_flesh":29,"stat.pickup.mod_lavacow.parasite_item":3,"stat.useItem.chisel.marble":123,"stat.craftItem.minecraft.stone_axe":1,"stat.entityKilledBy.primitivemobs.rocket_creeper":1,"stat.useItem.tconstruct.throwball":34,"stat.craftItem.spartanshields.shield_basic_diamond":1,"stat.pickup.minecraft.bucket":3,"stat.entityKilledBy.mod_lavacow.scarecrow":1,"stat.useItem.minecraft.rail":2,"stat.killEntity.Enderman":2,"stat.mineBlock.minecraft.wooden_slab":3,"stat.pickup.minecraft.brown_mushroom":4,"stat.pickup.treasure2.copper_charm":2,"stat.drop.ebwizardry.spell_book":3,"stat.drop.treasure2.iron_ring":1,"stat.drop.minecraft.tnt":1,"stat.drop.spartanweaponry.katana_iron":2,"stat.pickup.mod_lavacow.intestine":11,"stat.useItem.minecraft.iron_pickaxe":868,"stat.pickup.minecraft.stained_hardened_clay":1,"stat.craftItem.minecraft.wooden_pickaxe":1,"stat.pickup.minecraft.double_plant":8,"stat.mineBlock.chisel.marble2":205,"stat.mineBlock.chisel.marble1":1,"stat.furnaceInteraction":238,"stat.killEntity.mocreatures:crab":1,"stat.mineBlock.minecraft.rail":2,"stat.craftItem.spartanweaponry.material":2,"stat.killEntity.ZombieVillager":1,"stat.drop.minecraft.red_flower":1,"stat.useItem.primitivemobs.spider_egg":2,"stat.killEntity.mod_lavacow.mimic":13,"stat.pickup.minecraft.beef":46,"stat.killEntity.mod_lavacow.piranha":2,"stat.entityKilledBy.primitivemobs.goblin":1,"stat.pickup.minecraft.leather_helmet":3,"stat.useItem.mod_lavacow.tooth_dagger":2,"stat.pickup.minecraft.potion":4,"stat.pickup.primitivemobs.mimic_orb":1,"stat.craftItem.ebwizardry.magic_wand":1,"stat.useItem.minecraft.wheat_seeds":60,"stat.drop.minecraft.cooked_fish":4,"stat.pickup.minecraft.emerald":6,"stat.useItem.minecraft.dye":79,"stat.useItem.minecraft.beef":2,"stat.deaths":44,"stat.killEntity.primitivemobs.rocket_creeper":2,"stat.craftItem.minecraft.melon_seeds":2,"stat.pickup.minecraft.egg":1,"stat.craftItem.minecraft.iron_pickaxe":4,"stat.useItem.chisel.planks-oak":2,"stat.drop.minecraft.glass_bottle":2,"stat.drop.minecraft.iron_ingot":4,"stat.pickup.chisel.marble1":1,"stat.craftItem.mutantbeasts.mutant_skeleton_arms":4,"stat.pickup.chisel.marble2":205,"stat.mineBlock.minecraft.tallgrass":185,"stat.craftItem.minecraft.cooked_mutton":27,"stat.fishCaught":8,"stat.pickup.minecraft.cooked_mutton":7,"stat.pickup.tconstruct.seared":7,"stat.chestOpened":1047,"stat.useItem.primitivemobs.goblin_mace":40,"stat.useItem.minecraft.splash_potion":511,"stat.killEntity.primitivemobs.brain_slime":18,"stat.useItem.minecraft.stone":21,"stat.pickup.minecraft.arrow":39,"stat.pickup.minecraft.iron_sword":2,"stat.drop.treasure2.iron_key":1,"stat.drop.minecraft.iron_pickaxe":1,"stat.pickup.mutantbeasts.mutant_skeleton_shoulder_pad":6,"stat.pickup.minecraft.carrot":73,"stat.pickup.mutantbeasts.mutant_skeleton_skull":2,"stat.drop.minecraft.stone_sword":3,"stat.crouchOneCm":286296,"stat.pickup.minecraft.rail":6,"stat.craftItem.minecraft.iron_ingot":331,"stat.useItem.mod_lavacow.mimic_claw_cooked":9,"stat.killEntity.mocreatures:ant":1,"stat.craftingTableInteraction":14,"stat.mineBlock.tconstruct.rack":2,"stat.craftItem.tconstruct.pattern":39,"stat.useItem.chisel.marble1":10,"stat.useItem.minecraft.reeds":4,"stat.craftItem.minecraft.wooden_sword":1,"stat.pickup.minecraft.dye":85,"stat.pickup.minecraft.planks":25,"stat.pickup.chisel.limestone2":28,"stat.pickup.minecraft.wheat_seeds":82,"stat.craftItem.tconstruct.slime_congealed":4,"stat.mineBlock.minecraft.dirt":661,"stat.pickup.tconstruct.pattern":1,"stat.useItem.minecraft.bread":61,"stat.killEntity.primitivemobs.bewitched_tome":4,"stat.drop.minecraft.rotten_flesh":8,"stat.useItem.minecraft.cobblestone":302,"stat.useItem.minecraft.gravel":30,"stat.mineBlock.minecraft.double_plant":7,"stat.pickup.tconstruct.throwball":2,"stat.drop.minecraft.chicken":1,"stat.useItem.tconstruct.pickaxe":96,"stat.craftItem.minecraft.gold_ingot":45,"stat.drop.ebwizardry.arcane_workbench":1,"stat.drop.minecraft.sapling":1,"stat.craftItem.chisel.chisel_iron":3,"stat.mineBlock.treasure2.gravestone1_obsidian":1,"stat.pickup.minecraft.apple":10,"stat.drop.minecraft.fish":1,"stat.craftItem.minecraft.bucket":1,"stat.craftItem.minecraft.planks":508,"stat.useItem.minecraft.iron_sword":722,"stat.drop.treasure2.great_gold_necklace":1,"stat.craftItem.minecraft.fishing_rod":2,"stat.pickup.minecraft.stone_sword":3,"stat.pickup.minecraft.book":3,"stat.mineBlock.minecraft.log":279,"stat.useItem.carryon.entity_item":65,"stat.craftItem.mutantbeasts.mutant_skeleton_leggings":2,"stat.pickup.minecraft.red_flower":73,"stat.pickup.mutantbeasts.mutant_skeleton_limb":20,"stat.pickup.minecraft.wool":35,"stat.useItem.minecraft.wooden_axe":24,"stat.drop.minecraft.grass":5,"stat.useItem.minecraft.iron_axe":60,"stat.mineBlock.minecraft.cobblestone":20,"stat.drop.mod_lavacow.mimic_claw_cooked":1,"stat.pickup.minecraft.flint":78,"stat.mineBlock.minecraft.yellow_flower":4,"stat.entityKilledBy.Witch":1,"stat.pickup.minecraft.enchanted_book":3,"stat.pickup.spartanshields.shield_basic_iron":1,"stat.drop.minecraft.cobblestone":4,"stat.pickup.minecraft.cooked_porkchop":7,"stat.mineBlock.chisel.marble":9,"stat.useItem.minecraft.cookie":3,"stat.useItem.minecraft.stone_slab2":655,"stat.pickup.minecraft.bow":2,"stat.pickup.minecraft.iron_boots":1,"stat.craftItem.minecraft.furnace":8,"stat.craftItem.minecraft.iron_boots":4,"stat.killEntity.mocreatures:salmon":2,"stat.pickup.treasure2.wither_log":4,"stat.craftItem.minecraft.cooked_beef":37,"stat.mineBlock.minecraft.obsidian":6,"stat.pickup.mutantbeasts.mutant_skeleton_rib":17,"stat.mineBlock.minecraft.clay":51,"stat.flyOneCm":3735652,"stat.pickup.minecraft.fish":11,"stat.timeSinceDeath":19045,"stat.drop.spartanweaponry.scythe_iron":1,"stat.useItem.minecraft.wooden_slab":3,"stat.craftItem.minecraft.iron_block":3,"stat.pickup.ebwizardry.arcane_workbench":3,"stat.killEntity.mod_lavacow.parasite":9,"stat.craftItem.minecraft.stonebrick":4,"stat.pickup.travelersbackpack.travelers_backpack":8,"stat.craftItem.tconstruct.seared":82,"stat.pickup.treasure2.diamond_charm":1,"stat.drop.tconstruct.throwball":3,"stat.useItem.tconstruct.rack":2,"stat.mineBlock.minecraft.coal_ore":294,"stat.drop.minecraft.wool":1,"stat.killEntity.Creeper":6,"stat.talkedToVillager":2,"stat.pickup.minecraft.wooden_sword":2,"stat.pickup.minecraft.string":37,"stat.entityKilledBy.Skeleton":1,"stat.pickup.primitivemobs.spider_eggshell":2,"stat.drop.minecraft.oak_stairs":3,"stat.craftItem.tconstruct.tooltables":10,"stat.sprintOneCm":759649,"stat.craftItem.minecraft.wooden_axe":2,"stat.killEntity.ebwizardry:evil_wizard":1,"stat.useItem.carryon.tile_item":64,"stat.useItem.mod_lavacow.piranha_cooked":2,"stat.mineBlock.minecraft.diamond_ore":10,"stat.pickup.treasure2.milk_crate":1,"stat.pickup.mod_lavacow.piranha":2,"stat.mineBlock.treasure2.wither_log_soul":1,"stat.waystones:waystonesActivated":1,"stat.entityKilledBy.primitivemobs.mimic":1,"stat.drop.minecraft.boat":1,"stat.useItem.minecraft.wooden_sword":7,"stat.pickup.mocreatures.crabraw":1,"stat.killEntity.primitivemobs.harpy":10,"stat.killEntity.Zombie":39,"stat.craftItem.minecraft.dye":78,"stat.mineBlock.minecraft.gold_ore":42,"stat.diveOneCm":194802,"stat.craftItem.minecraft.sandstone":1,"stat.pickup.minecraft.wheat":62,"stat.craftItem.minecraft.cooked_porkchop":2,"stat.mineBlock.tconstruct.slime_leaves":1,"stat.pickup.harvestcraft.potitem":1,"stat.pickup.minecraft.obsidian":5,"stat.pickup.mod_lavacow.scarecrowhead_straw":4,"stat.useItem.minecraft.rotten_flesh":8,"stat.drop.minecraft.sponge":1,"stat.drop.treasure2.silver_ring":1,"stat.jump":8651,"stat.useItem.minecraft.sand":8,"stat.pickup.minecraft.coal":382,"stat.pickup.minecraft.iron_ingot":43,"stat.pickup.tconstruct.seared_tank":1,"stat.pickup.minecraft.gunpowder":29,"stat.drop.minecraft.wooden_sword":1,"stat.craftItem.minecraft.torch":332,"stat.useItem.spartanweaponry.boomerang_wood":2,"stat.pickup.minecraft.dirt":1215,"stat.pickup.minecraft.gold_ore":45,"stat.useItem.minecraft.sapling":3,"stat.mineBlock.minecraft.lapis_ore":11,"stat.pickup.minecraft.iron_axe":1,"stat.damageTaken":28891,"stat.mineBlock.minecraft.torch":11,"stat.mineBlock.minecraft.red_flower":51,"stat.killEntity.tconstruct.blueslime":21,"stat.mineBlock.minecraft.melon_block":8,"stat.craftItem.spartanweaponry.katana_iron":4,"stat.pickup.minecraft.ender_eye":3,"stat.pickup.ebwizardry.crystal_flower":7,"stat.drop.tconstruct.slimesling":1,"stat.craftItem.mutantbeasts.mutant_skeleton_chestplate":2,"stat.craftItem.mod_lavacow.mimic_claw_cooked":12,"stat.useItem.forge.bucketfilled":2,"stat.pickup.minecraft.potato":4,"stat.entityKilledBy.Zombie":4,"stat.animalsBred":2,"stat.useItem.minecraft.chest":13,"stat.craftItem.tconstruct.smeltery_io":1,"stat.drop.minecraft.wheat":3,"stat.pickup.treasure2.amethyst_charm":1,"stat.useItem.minecraft.lava_bucket":2,"stat.pickup.mod_lavacow.mimic_claw":13,"stat.useItem.minecraft.melon":11,"stat.useItem.tombstone.gift":1,"stat.craftItem.minecraft.iron_chestplate":4,"stat.killEntity.mod_lavacow.undeadswine":2,"stat.drop.minecraft.potato":2,"stat.pickup.minecraft.ender_pearl":5,"stat.pickup.minecraft.cooked_beef":9,"stat.craftItem.travelersbackpack.sleeping_bag_bottom":2,"stat.craftItem.mutantbeasts.mutant_skeleton_rib_cage":2,"stat.mineBlock.minecraft.tnt":3,"stat.pickup.mocreatures.mocegg":1,"stat.pickup.harvestcraft.queenbeeitem":1,"stat.drop.treasure2.safe":1,"stat.mobKills":355,"stat.craftItem.minecraft.shears":1,"stat.useItem.minecraft.boat":2,"stat.pickup.minecraft.diamond":15,"stat.pickup.minecraft.beetroot_seeds":16,"stat.pickup.minecraft.torch":43,"stat.mineBlock.tconstruct.seared_tank":1,"stat.pickup.blocklings.blockling":3,"stat.mineBlock.ebwizardry.crystal_flower":5,"stat.useItem.mod_lavacow.parasite_item":2,"stat.craftItem.minecraft.iron_axe":2,"stat.killEntity.mutantbeasts.mutant_skeleton":2,"stat.pickup.mod_lavacow.cursed_fabric":16,"stat.useItem.minecraft.mutton":4,"stat.useItem.minecraft.planks":6,"stat.pickup.minecraft.porkchop":33,"stat.pickup.minecraft.blaze_powder":1,"stat.pickup.tconstruct.slimesling":1,"stat.drop.minecraft.melon":1,"stat.useItem.minecraft.water_bucket":33,"stat.pickup.minecraft.sand":283,"stat.entityKilledBy.Spider":2,"stat.craftItem.harvestcraft.juiceritem":2,"stat.killEntity.primitivemobs.festive_creeper":5,"stat.entityKilledBy.primitivemobs.skeleton_warrior":3,"stat.pickup.minecraft.name_tag":2,"stat.craftItem.tconstruct.casting":3,"stat.pickup.minecraft.wooden_hoe":2,"stat.useItem.minecraft.ender_pearl":1,"stat.mineBlock.minecraft.sand":275,"stat.useItem.harvestcraft.stockitem":2,"stat.craftItem.minecraft.wooden_hoe":5,"stat.pickup.treasure2.iron_lock":4,"stat.craftItem.minecraft.cooked_fish":5,"stat.craftItem.spartanshields.shield_basic_wood":4,"stat.useItem.minecraft.spawn_egg":12,"stat.mineBlock.tconstruct.slime_grass_tall":2,"stat.pickup.mod_lavacow.ectoplasm":1,"stat.useItem.treasure2.leaf_key":1,"stat.useItem.spartanweaponry.throwing_knife_iron":6,"stat.pickup.mod_lavacow.undyingheart":2,"stat.useItem.minecraft.cooked_mutton":33,"stat.pickup.minecraft.furnace":3,"stat.pickup.primitivemobs.spider_egg":2,"stat.drop.minecraft.stained_hardened_clay":1,"stat.pickup.tconstruct.cast":2,"stat.craftItem.travelersbackpack.travelers_backpack":2,"stat.drop.minecraft.fishing_rod":1,"stat.useItem.harvestcraft.melonjuiceitem":2,"stat.entityKilledBy.mutantbeasts.mutant_skeleton":2,"stat.drop.minecraft.wooden_hoe":3,"stat.pickup.minecraft.pumpkin_seeds":7,"stat.pickup.tconstruct.slime_dirt":9,"stat.pickup.treasure2.leaf_lock":5,"stat.pickup.mod_lavacow.pigboarhide":2,"stat.playOneMinute":1123230,"stat.pickup.tconstruct.rack":2,"stat.pickup.minecraft.iron_bars":7,"stat.pickup.treasure2.treasure_tool":1,"stat.drop.mod_lavacow.tooth_dagger":3,"stat.useItem.minecraft.fish":6,"stat.pickup.tconstruct.casting":5,"stat.craftItem.treasure2.wither_planks":16,"stat.drop.chisel.planks-oak":1,"stat.useItem.ebwizardry.crystal_flower":4,"stat.craftItem.minecraft.iron_nugget":378,"stat.fallOneCm":182720,"stat.drop.minecraft.stone":6,"stat.drop.minecraft.dye":3,"stat.pickup.minecraft.melon_seeds":6,"stat.drop.treasure2.charm_book":1,"stat.craftItem.minecraft.chest":30,"stat.drop.minecraft.book":1,"stat.pickup.minecraft.golden_leggings":1,"stat.pickup.minecraft.melon":35,"stat.pickup.mod_lavacow.swinearmor_boots":1,"stat.mineBlock.treasure2.safe":1,"stat.craftItem.mod_lavacow.piranha_cooked":2,"stat.pickup.primitivemobs.goblin_mace":5,"stat.pickup.minecraft.feather":26,"stat.drop.minecraft.bone":1,"stat.pickup.minecraft.record_cat":1,"stat.useItem.minecraft.furnace":2,"stat.craftItem.tconstruct.materials":409,"stat.pickup.harvestcraft.stockitem":17,"stat.killEntity.Llama":1,"stat.pickup.minecraft.iron_leggings":1,"stat.pickup.minecraft.lead":1,"stat.mineBlock.minecraft.gravel":169,"stat.useItem.minecraft.stone_pickaxe":270,"stat.craftItem.tconstruct.seared_tank":1,"stat.craftItem.minecraft.iron_leggings":4,"stat.killEntity.primitivemobs.baby_spider":12,"stat.useItem.mod_lavacow.plagued_porkchop":1,"stat.useItem.minecraft.iron_bars":3,"stat.useItem.minecraft.torch":359,"stat.craftItem.harvestcraft.stockitem":6,"stat.pickup.minecraft.crafting_table":3,"stat.useItem.minecraft.log":38,"stat.pickup.treasure2.diamond_gold_ring":1,"stat.craftItem.minecraft.crafting_table":9,"stat.craftItem.minecraft.boat":2,"stat.mineBlock.ebwizardry.crystal_ore":21,"stat.mineBlock.minecraft.emerald_ore":2,"stat.pickup.minecraft.log":274,"stat.useItem.minecraft.cooked_fish":23,"stat.craftItem.harvestcraft.melonjuiceitem":10,"stat.pickup.treasure2.silver_ring":1,"stat.drop.minecraft.planks":3,"stat.pickup.minecraft.sapling":77,"stat.craftItem.treasure2.thiefs_lock_pick":101,"stat.craftItem.tconstruct.smeltery_controller":2,"stat.pickup.minecraft.beetroot":2,"stat.killEntity.primitivemobs.flame_spewer":10,"stat.mineBlock.tconstruct.slime_grass":9,"stat.useItem.spartanweaponry.katana_iron":118,"stat.mineBlock.mod_lavacow.glowshroom":3,"stat.pickup.treasure2.wood_key":1,"stat.killEntity.mutantbeasts.mutant_enderman":1,"stat.craftItem.mutantbeasts.mutant_skeleton_boots":2,"stat.useItem.minecraft.beetroot_seeds":1,"stat.sneakTime":77978,"stat.pickup.minecraft.stone_slab":1,"stat.drop.minecraft.yellow_flower":2,"stat.pickup.minecraft.yellow_flower":6,"stat.pickup.minecraft.golden_rail":3,"stat.drop.tconstruct.slime_dirt":5,"stat.drop.minecraft.wooden_axe":1,"stat.useItem.minecraft.fishing_rod":23,"stat.pickup.minecraft.chest":6,"stat.drop.minecraft.stone_pickaxe":1,"stat.pickup.minecraft.bone":62,"stat.horseOneCm":5288,"stat.pickup.chisel.planks-oak":4,"stat.craftItem.tconstruct.faucet":2,"stat.useItem.minecraft.diamond_sword":14,"stat.craftItem.tconstruct.slimesling":2,"stat.swimOneCm":283771,"stat.climbOneCm":38639,"stat.pickup.chisel.marble":9,"stat.drop.minecraft.brown_mushroom":2,"stat.useItem.minecraft.dirt":619,"stat.killEntity.blockling":1,"stat.killEntity.primitivemobs.mother_spider":4,"stat.pickup.spartanweaponry.scythe_iron":1,"stat.useItem.minecraft.red_flower":2,"stat.drop.treasure2.copper_coin":5,"stat.craftItem.spartanshields.shield_basic_iron":2,"stat.useItem.minecraft.iron_ore":5,"stat.drop.spartanweaponry.boomerang_wood":1,"stat.craftItem.minecraft.stone_pickaxe":3,"stat.pickup.minecraft.cobblestone":4868,"stat.pickup.treasure2.gravestone1_obsidian":1,"stat.useItem.minecraft.stone_shovel":829,"stat.mineBlock.chisel.limestone2":29,"stat.pickup.minecraft.glass_bottle":1,"stat.drop.minecraft.wheat_seeds":8,"stat.craftItem.minecraft.wooden_slab":12,"stat.useItem.minecraft.cooked_beef":51,"stat.pickup.minecraft.redstone":324,"stat.mineBlock.minecraft.iron_ore":343,"stat.pickup.treasure2.safe":1,"stat.pickup.minecraft.mutton":42,"stat.mineBlock.ebwizardry.arcane_workbench":1,"stat.pickup.minecraft.stonebrick":1,"stat.drop.minecraft.dirt":15,"stat.useItem.minecraft.cooked_porkchop":17,"stat.pickup.ebwizardry.magic_crystal":51,"stat.drop.minecraft.beetroot_seeds":7,"stat.craftItem.tconstruct.soil":410,"stat.pickup.tconstruct.smeltery_controller":1,"stat.entityKilledBy.primitivemobs.baby_spider":2,"stat.useItem.tconstruct.edible":1,"stat.craftItem.tconstruct.slime_boots":2,"stat.craftItem.minecraft.stone_slab2":1,"stat.craftItem.mod_lavacow.tooth_dagger":5,"stat.useItem.tconstruct.slime_dirt":4,"stat.craftItem.minecraft.stick":240,"stat.drop.minecraft.potion":1,"stat.craftItem.minecraft.gold_nugget":9,"stat.craftItem.minecraft.stone":64,"stat.pickup.minecraft.grass":4,"stat.mineBlock.minecraft.crafting_table":3,"stat.useItem.minecraft.diamond_pickaxe":992,"stat.useItem.minecraft.carrot":64,"stat.useItem.minecraft.wheat":16,"stat.useItem.spartanweaponry.scythe_iron":6,"stat.mineBlock.minecraft.planks":1,"stat.drop":186,"stat.killEntity.Sheep":25,"stat.useItem.tconstruct.seared":58,"stat.pickup.minecraft.slime_ball":37,"stat.craftItem.minecraft.diamond_pickaxe":2,"stat.killEntity.primitivemobs.treasure_slime":3,"stat.useItem.minecraft.melon_seeds":2,"stat.drop.minecraft.bread":3,"stat.killEntity.primitivemobs.haunted_tool":3,"stat.pickup.treasure2.wither_stick_item":1,"stat.pickup.minecraft.gravel":545,"stat.drop.minecraft.cooked_beef":2,"stat.useItem.minecraft.diamond_axe":1,"stat.mineBlock.tconstruct.smeltery_controller":1,"stat.useItem.minecraft.apple":15,"stat.useItem.minecraft.porkchop":3,"stat.mineBlock.treasure2.wither_log":4,"stat.entityKilledBy.primitivemobs.bewitched_tome":2,"stat.useItem.minecraft.potion":3,"stat.killEntity.primitivemobs.support_creeper":6,"stat.pickup.minecraft.stone_brick_stairs":1,"stat.pickup.minecraft.diamond_sword":1,"stat.craftItem.travelersbackpack.backpack_tank":3,"stat.useItem.minecraft.wooden_hoe":29,"stat.craftItem.tconstruct.rack":2,"stat.pickup.minecraft.fence":4,"stat.drop.treasure2.copper_charm":1,"stat.pickup.minecraft.iron_helmet":2,"stat.mineBlock.treasure2.milk_crate":1,"stat.useItem.minecraft.stone_axe":27,"stat.craftItem.minecraft.bread":8,"stat.pickup.ebwizardry.poison_bomb":1,"stat.pickup.minecraft.spider_eye":6,"stat.killEntity.primitivemobs.goblin":8,"stat.entityKilledBy.primitivemobs.mother_spider":3,"stat.craftItem.minecraft.iron_helmet":5,"stat.drop.blocklings.blockling":1,"stat.pickup.minecraft.iron_ore":403,"stat.pickup.tconstruct.slime_congealed":57,"stat.pickup.mod_lavacow.glowshroom":3,"stat.boatOneCm":12632,"stat.entityKilledBy.primitivemobs.haunted_tool":1,"stat.mineBlock.minecraft.iron_bars":7,"stat.pickup.treasure2.iron_key":3,"stat.pickup.minecraft.leather":21,"stat.drop.tconstruct.cast":1,"stat.mineBlock.minecraft.furnace":3,"stat.useItem.minecraft.wooden_pickaxe":59,"stat.pickup.mod_lavacow.chitin":2,"stat.mineBlock.mod_lavacow.scarecrowhead_straw":2,"stat.pickup.minecraft.reeds":76,"tombstone:undead_killed":2,"stat.pickup.tconstruct.materials":1,"stat.pickup.minecraft.oak_stairs":1,"stat.damageDealt":44434,"stat.craftItem.minecraft.glass":47,"stat.killEntity.bound_soul":1,"stat.sleepInBed":13,"stat.craftItem.minecraft.anvil":1,"stat.killEntity.Cow":20,"stat.killEntity.Pig":18,"stat.craftItem.minecraft.iron_sword":1,"stat.craftItem.minecraft.stone_shovel":7,"stat.pickup.minecraft.boat":1,"stat.walkOneCm":3068634,"stat.playerKills":5,"stat.pickup.minecraft.stick":44,"stat.pickup.minecraft.clay_ball":204,"stat.craftItem.tconstruct.throwball":35,"stat.drop.treasure2.silver_coin":19,"stat.killEntity.primitivemobs.mimic":1,"stat.pickup.minecraft.tnt":5,"stat.drop.minecraft.iron_chestplate":1,"stat.pickup.minecraft.stone":513,"stat.pickup.treasure2.stone_lock":2,"stat.pickup.minecraft.gold_ingot":3,"stat.killEntity.Skeleton":18,"stat.pickup.mod_lavacow.sharptooth":6,"stat.killEntity.Spider":10,"stat.pickup.minecraft.bread":6,"stat.killEntity.mod_lavacow.scarecrow":5,"stat.killEntity.mod_lavacow.banshee":1,"stat.mineBlock.minecraft.leaves":70,"stat.entityKilledBy.mod_lavacow.parasite":1,"stat.drop.treasure2.wood_key":1,"stat.mineBlock.tconstruct.seared":7,"stat.mineBlock.minecraft.redstone_ore":36,"stat.mineBlock.tconstruct.casting":5,"stat.killEntity.mocreatures:maggot":1,"stat.mineBlock.chisel.planks-oak":3,"stat.mineBlock.minecraft.stone":1145}