{"stat.useItem.minecraft.bow":50,"stat.pickup.minecraft.wooden_slab":1,"stat.leaveGame":13,"stat.mineBlock.ebwizardry.crystal_flower":1,"stat.useItem.mod_lavacow.parasite_item":1,"stat.craftItem.minecraft.iron_axe":1,"stat.pickup.tconstruct.edible":17,"stat.killEntity.mutantbeasts.mutant_skeleton":1,"stat.pickup.mutantbeasts.mutant_skeleton_pelvis":1,"stat.pickup.mod_lavacow.cursed_fabric":13,"stat.useItem.minecraft.mutton":2,"stat.useItem.minecraft.planks":3,"stat.pickup.minecraft.porkchop":27,"stat.pickup.tconstruct.slimesling":1,"stat.useItem.minecraft.water_bucket":9,"stat.killEntity.primitivemobs.skeleton_warrior":6,"stat.entityKilledBy.mod_lavacow.mimic":1,"stat.pickup.minecraft.rotten_flesh":7,"stat.pickup.minecraft.sand":39,"stat.pickup.mod_lavacow.parasite_item":1,"stat.useItem.zoocraftdiscoveries.seed_chive":1,"stat.entityKilledBy.Spider":1,"stat.killEntity.primitivemobs.festive_creeper":3,"stat.craftItem.minecraft.stone_axe":1,"stat.entityKilledBy.primitivemobs.rocket_creeper":1,"stat.entityKilledBy.primitivemobs.skeleton_warrior":2,"stat.pickup.minecraft.name_tag":1,"stat.useItem.tconstruct.throwball":2,"stat.pickup.minecraft.bucket":1,"stat.mineBlock.minecraft.wooden_slab":3,"stat.pickup.minecraft.wooden_hoe":2,"stat.pickup.zoocraftdiscoveries.seed_oregano":2,"stat.mineBlock.minecraft.sand":35,"stat.pickup.zoocraftdiscoveries.seed_chive":5,"stat.craftItem.minecraft.wooden_hoe":2,"stat.pickup.treasure2.iron_lock":1,"stat.craftItem.minecraft.cooked_fish":4,"stat.drop.minecraft.tnt":1,"stat.craftItem.spartanshields.shield_basic_wood":3,"stat.drop.spartanweaponry.katana_iron":2,"stat.useItem.zoocraftdiscoveries.frogspawn":13,"stat.pickup.mod_lavacow.intestine":5,"stat.useItem.minecraft.iron_pickaxe":416,"stat.pickup.minecraft.stained_hardened_clay":1,"stat.craftItem.minecraft.wooden_pickaxe":1,"stat.mineBlock.tconstruct.slime_grass_tall":2,"stat.pickup.minecraft.double_plant":6,"stat.pickup.mod_lavacow.ectoplasm":1,"stat.furnaceInteraction":104,"stat.craftItem.spartanweaponry.material":2,"stat.killEntity.mod_lavacow.mimic":9,"stat.pickup.minecraft.beef":31,"stat.useItem.minecraft.cooked_mutton":12,"stat.pickup.minecraft.furnace":2,"stat.drop.minecraft.stained_hardened_clay":1,"stat.entityKilledBy.primitivemobs.goblin":1,"stat.pickup.minecraft.leather_helmet":3,"stat.drop.minecraft.fishing_rod":1,"stat.useItem.mod_lavacow.tooth_dagger":2,"stat.drop.minecraft.wooden_hoe":1,"stat.useItem.minecraft.wheat_seeds":42,"stat.pickup.minecraft.pumpkin_seeds":7,"stat.pickup.tconstruct.slime_dirt":9,"stat.pickup.treasure2.leaf_lock":2,"stat.pickup.minecraft.emerald":1,"stat.useItem.minecraft.dye":66,"stat.useItem.minecraft.beef":2,"stat.deaths":24,"stat.killEntity.primitivemobs.rocket_creeper":2,"stat.playOneMinute":405909,"stat.craftItem.minecraft.iron_pickaxe":3,"stat.pickup.minecraft.iron_bars":3,"stat.drop.minecraft.glass_bottle":1,"stat.drop.minecraft.iron_ingot":4,"stat.craftItem.mutantbeasts.mutant_skeleton_arms":2,"stat.mineBlock.minecraft.tallgrass":134,"stat.craftItem.minecraft.cooked_mutton":7,"stat.fishCaught":8,"stat.pickup.minecraft.cooked_mutton":6,"stat.chestOpened":316,"stat.pickup.treasure2.treasure_tool":1,"stat.useItem.primitivemobs.goblin_mace":40,"stat.drop.mod_lavacow.tooth_dagger":2,"stat.useItem.minecraft.splash_potion":511,"stat.killEntity.primitivemobs.brain_slime":17,"stat.useItem.minecraft.fish":5,"stat.useItem.minecraft.stone":17,"stat.pickup.minecraft.arrow":14,"stat.pickup.minecraft.iron_sword":1,"stat.pickup.zoocraftdiscoveries.herb_chive":1,"stat.drop.chisel.planks-oak":1,"stat.drop.minecraft.iron_pickaxe":1,"stat.craftItem.minecraft.iron_nugget":18,"stat.fallOneCm":78701,"stat.drop.minecraft.stone":3,"stat.drop.minecraft.dye":2,"stat.pickup.mutantbeasts.mutant_skeleton_shoulder_pad":2,"stat.pickup.minecraft.melon_seeds":4,"stat.pickup.mutantbeasts.mutant_skeleton_skull":1,"stat.crouchOneCm":95695,"stat.craftItem.minecraft.iron_ingot":73,"stat.craftItem.minecraft.chest":5,"stat.useItem.mod_lavacow.mimic_claw_cooked":8,"stat.pickup.mod_lavacow.swinearmor_boots":1,"stat.craftingTableInteraction":11,"stat.pickup.primitivemobs.goblin_mace":4,"stat.craftItem.tconstruct.pattern":12,"stat.useItem.minecraft.furnace":2,"stat.craftItem.minecraft.wooden_sword":1,"stat.pickup.minecraft.dye":55,"stat.pickup.minecraft.planks":19,"stat.killEntity.Llama":1,"stat.pickup.minecraft.wheat_seeds":57,"stat.mineBlock.minecraft.gravel":22,"stat.useItem.minecraft.stone_pickaxe":203,"stat.drop.zoocraftdiscoveries.frogspawn":1,"stat.craftItem.tconstruct.slime_congealed":4,"stat.craftItem.minecraft.iron_leggings":1,"stat.mineBlock.minecraft.dirt":596,"stat.killEntity.primitivemobs.baby_spider":5,"stat.useItem.minecraft.iron_bars":1,"stat.useItem.minecraft.bread":30,"stat.useItem.minecraft.torch":116,"stat.killEntity.primitivemobs.bewitched_tome":1,"stat.drop.minecraft.rotten_flesh":3,"stat.pickup.minecraft.crafting_table":3,"stat.useItem.minecraft.log":1,"stat.useItem.minecraft.cobblestone":84,"stat.craftItem.minecraft.crafting_table":4,"stat.useItem.minecraft.gravel":12,"stat.mineBlock.minecraft.double_plant":6,"stat.killEntity.zoocraftdiscoveries.frog":27,"stat.pickup.minecraft.log":175,"stat.useItem.minecraft.cooked_fish":6,"stat.pickup.treasure2.silver_ring":1,"stat.craftItem.minecraft.gold_ingot":17,"stat.pickup.minecraft.sapling":71,"stat.craftItem.treasure2.thiefs_lock_pick":4,"stat.pickup.minecraft.apple":10,"stat.drop.minecraft.fish":1,"stat.craftItem.minecraft.bucket":1,"stat.craftItem.minecraft.planks":260,"stat.useItem.minecraft.iron_sword":210,"stat.killEntity.primitivemobs.flame_spewer":2,"stat.mineBlock.tconstruct.slime_grass":9,"stat.useItem.spartanweaponry.katana_iron":118,"stat.craftItem.minecraft.fishing_rod":2,"stat.drop.zoocraftdiscoveries.seed_tarragon":2,"stat.pickup.minecraft.book":1,"stat.mineBlock.minecraft.log":191,"stat.useItem.carryon.entity_item":38,"stat.pickup.minecraft.red_flower":65,"stat.useItem.minecraft.beetroot_seeds":1,"stat.pickup.mutantbeasts.mutant_skeleton_limb":7,"stat.sneakTime":27922,"stat.pickup.minecraft.wool":1,"stat.useItem.minecraft.wooden_axe":24,"stat.pickup.minecraft.stone_slab":1,"stat.pickup.minecraft.yellow_flower":4,"stat.pickup.minecraft.golden_rail":3,"stat.drop.tconstruct.slime_dirt":5,"stat.drop.minecraft.wooden_axe":1,"stat.useItem.minecraft.fishing_rod":16,"stat.pickup.minecraft.chest":3,"stat.pickup.zoocraftdiscoveries.seed_bay":3,"stat.drop.minecraft.stone_pickaxe":1,"stat.pickup.minecraft.bone":23,"stat.useItem.minecraft.iron_axe":25,"stat.mineBlock.minecraft.cobblestone":14,"stat.pickup.chisel.planks-oak":1,"stat.drop.mod_lavacow.mimic_claw_cooked":1,"stat.pickup.minecraft.flint":2,"stat.mineBlock.minecraft.yellow_flower":4,"stat.useItem.minecraft.diamond_sword":4,"stat.swimOneCm":134136,"stat.pickup.zoocraftdiscoveries.frogspawn":12,"stat.pickup.minecraft.enchanted_book":1,"stat.pickup.spartanshields.shield_basic_iron":1,"stat.pickup.minecraft.cooked_porkchop":7,"stat.useItem.minecraft.dirt":425,"stat.useItem.minecraft.cookie":1,"stat.pickup.zoocraftdiscoveries.seed_basil":11,"stat.useItem.minecraft.stone_slab2":138,"stat.pickup.minecraft.bow":1,"stat.killEntity.primitivemobs.mother_spider":1,"stat.craftItem.minecraft.furnace":5,"stat.useItem.minecraft.red_flower":2,"stat.craftItem.spartanshields.shield_basic_iron":2,"stat.craftItem.minecraft.iron_boots":2,"stat.drop.zoocraftdiscoveries.seed_saffron":5,"stat.pickup.zoocraftdiscoveries.herb_saffron":2,"stat.craftItem.minecraft.stone_pickaxe":2,"stat.craftItem.minecraft.cooked_beef":27,"stat.pickup.minecraft.cobblestone":974,"stat.pickup.mutantbeasts.mutant_skeleton_rib":6,"stat.useItem.minecraft.stone_shovel":454,"stat.flyOneCm":993319,"stat.pickup.minecraft.glass_bottle":1,"stat.pickup.minecraft.fish":10,"stat.drop.minecraft.wheat_seeds":1,"stat.craftItem.minecraft.wooden_slab":6,"stat.useItem.minecraft.cooked_beef":6,"stat.useItem.zoocraftdiscoveries.seed_basil":4,"stat.pickup.minecraft.redstone":212,"stat.mineBlock.minecraft.iron_ore":122,"stat.timeSinceDeath":13472,"stat.useItem.minecraft.wooden_slab":3,"stat.pickup.minecraft.mutton":2,"stat.killEntity.mod_lavacow.parasite":3,"stat.pickup.minecraft.stonebrick":1,"stat.useItem.minecraft.cooked_porkchop":10,"stat.drop.minecraft.beetroot_seeds":5,"stat.mineBlock.minecraft.coal_ore":107,"stat.killEntity.Creeper":4,"stat.pickup.minecraft.wooden_sword":2,"stat.pickup.minecraft.string":14,"stat.entityKilledBy.primitivemobs.baby_spider":2,"stat.craftItem.tconstruct.slime_boots":2,"stat.craftItem.minecraft.stone_slab2":0,"stat.craftItem.mod_lavacow.tooth_dagger":4,"stat.craftItem.tconstruct.tooltables":4,"stat.sprintOneCm":424401,"stat.useItem.tconstruct.slime_dirt":4,"stat.craftItem.minecraft.stick":120,"stat.craftItem.minecraft.wooden_axe":2,"stat.useItem.carryon.tile_item":17,"stat.mineBlock.minecraft.crafting_table":3,"stat.pickup.zoocraftdiscoveries.seed_rosemary":5,"stat.mineBlock.minecraft.planks":1,"stat.drop":55,"stat.useItem.minecraft.wooden_sword":7,"stat.killEntity.Sheep":1,"stat.pickup.minecraft.slime_ball":32,"stat.killEntity.Zombie":18,"stat.pickup.zoocraftdiscoveries.seed_parsley":1,"stat.craftItem.minecraft.dye":63,"stat.drop.minecraft.bread":3,"stat.pickup.zoocraftdiscoveries.herb_bay":1,"stat.killEntity.primitivemobs.haunted_tool":2,"stat.mineBlock.minecraft.gold_ore":17,"stat.diveOneCm":54921,"stat.craftItem.minecraft.sandstone":1,"stat.pickup.minecraft.wheat":29,"stat.pickup.zoocraftdiscoveries.seed_tarragon":2,"stat.pickup.minecraft.gravel":20,"stat.craftItem.minecraft.cooked_porkchop":2,"stat.mineBlock.tconstruct.slime_leaves":1,"stat.useItem.minecraft.apple":9,"stat.pickup.mod_lavacow.scarecrowhead_straw":4,"stat.entityKilledBy.primitivemobs.bewitched_tome":2,"stat.useItem.minecraft.potion":2,"stat.useItem.minecraft.rotten_flesh":2,"stat.pickup.minecraft.stone_brick_stairs":1,"stat.drop.minecraft.sponge":1,"stat.jump":3995,"stat.useItem.minecraft.wooden_hoe":25,"stat.pickup.minecraft.coal":125,"stat.pickup.minecraft.iron_ingot":35,"stat.useItem.minecraft.stone_axe":27,"stat.pickup.minecraft.gunpowder":12,"stat.craftItem.minecraft.bread":8,"stat.drop.minecraft.wooden_sword":1,"stat.pickup.minecraft.spider_eye":3,"stat.craftItem.minecraft.torch":124,"stat.killEntity.primitivemobs.goblin":4,"stat.entityKilledBy.primitivemobs.mother_spider":2,"stat.pickup.minecraft.dirt":861,"stat.craftItem.minecraft.iron_helmet":3,"stat.pickup.zoocraftdiscoveries.herb_basil":5,"stat.pickup.minecraft.iron_ore":122,"stat.pickup.tconstruct.slime_congealed":57,"stat.entityKilledBy.primitivemobs.haunted_tool":1,"stat.pickup.minecraft.gold_ore":17,"stat.useItem.minecraft.sapling":2,"stat.mineBlock.minecraft.iron_bars":3,"stat.mineBlock.minecraft.lapis_ore":8,"stat.pickup.treasure2.iron_key":2,"stat.damageTaken":12223,"stat.pickup.minecraft.leather":17,"stat.mineBlock.minecraft.torch":6,"stat.mineBlock.minecraft.furnace":2,"stat.mineBlock.minecraft.red_flower":45,"stat.killEntity.tconstruct.blueslime":21,"stat.useItem.minecraft.wooden_pickaxe":59,"stat.drop.zoocraftdiscoveries.seed_oregano":1,"stat.craftItem.spartanweaponry.katana_iron":4,"stat.pickup.ebwizardry.crystal_flower":1,"stat.mineBlock.mod_lavacow.scarecrowhead_straw":2,"stat.pickup.zoocraftdiscoveries.seed_saffron":9,"stat.craftItem.mod_lavacow.mimic_claw_cooked":9,"stat.useItem.forge.bucketfilled":2,"stat.entityKilledBy.Zombie":3,"stat.drop.zoocraftdiscoveries.seed_coriander":2,"stat.damageDealt":17237,"stat.killEntity.bound_soul":1,"stat.sleepInBed":7,"stat.pickup.zoocraftdiscoveries.herb_rosemary":2,"stat.killEntity.Cow":16,"stat.killEntity.Pig":15,"stat.craftItem.minecraft.stone_shovel":6,"stat.walkOneCm":1131639,"stat.playerKills":4,"stat.useItem.minecraft.chest":3,"stat.pickup.minecraft.stick":14,"stat.craftItem.tconstruct.throwball":2,"stat.pickup.mod_lavacow.mimic_claw":9,"stat.pickup.minecraft.tnt":4,"stat.drop.minecraft.iron_chestplate":1,"stat.pickup.minecraft.stone":68,"stat.craftItem.minecraft.iron_chestplate":3,"stat.pickup.zoocraftdiscoveries.seed_coriander":3,"stat.killEntity.mod_lavacow.undeadswine":1,"stat.pickup.treasure2.stone_lock":1,"stat.killEntity.Skeleton":5,"stat.mineBlock.minecraft.tnt":3,"stat.pickup.mod_lavacow.sharptooth":2,"stat.killEntity.Spider":4,"stat.pickup.zoocraftdiscoveries.seed_thyme":1,"stat.pickup.minecraft.bread":6,"stat.mobKills":179,"stat.killEntity.mod_lavacow.scarecrow":4,"stat.killEntity.mod_lavacow.banshee":1,"stat.pickup.minecraft.diamond":2,"stat.mineBlock.minecraft.leaves":50,"stat.pickup.minecraft.beetroot_seeds":6,"stat.entityKilledBy.mod_lavacow.parasite":1,"stat.pickup.minecraft.torch":17,"stat.mineBlock.minecraft.redstone_ore":36,"stat.mineBlock.minecraft.stone":327}