{"stat.useItem.minecraft.bow":64,"stat.pickup.minecraft.wooden_slab":1,"stat.leaveGame":28,"stat.pickup.treasure2.great_gold_necklace":1,"stat.drop.treasure2.gold_coin":2,"stat.pickup.tconstruct.edible":17,"stat.pickup.ebwizardry.spell_book":1,"stat.pickup.mutantbeasts.mutant_skeleton_pelvis":3,"stat.craftItem.minecraft.shield":1,"stat.killEntity.primitivemobs.skeleton_warrior":6,"stat.entityKilledBy.mod_lavacow.mimic":1,"stat.pickup.minecraft.rotten_flesh":15,"stat.pickup.mod_lavacow.parasite_item":1,"stat.useItem.zoocraftdiscoveries.seed_chive":1,"stat.craftItem.minecraft.stone_axe":1,"stat.entityKilledBy.primitivemobs.rocket_creeper":1,"stat.useItem.tconstruct.throwball":9,"stat.pickup.minecraft.bucket":1,"stat.mineBlock.minecraft.wooden_slab":3,"stat.pickup.minecraft.brown_mushroom":2,"stat.pickup.treasure2.copper_charm":2,"stat.drop.ebwizardry.spell_book":1,"stat.drop.treasure2.iron_ring":1,"stat.drop.minecraft.tnt":1,"stat.drop.spartanweaponry.katana_iron":2,"stat.useItem.zoocraftdiscoveries.frogspawn":13,"stat.pickup.mod_lavacow.intestine":6,"stat.useItem.minecraft.iron_pickaxe":710,"stat.pickup.minecraft.stained_hardened_clay":1,"stat.craftItem.minecraft.wooden_pickaxe":1,"stat.pickup.minecraft.double_plant":8,"stat.mineBlock.chisel.marble2":3,"stat.furnaceInteraction":161,"stat.craftItem.spartanweaponry.material":2,"stat.killEntity.ZombieVillager":1,"stat.killEntity.mod_lavacow.mimic":10,"stat.pickup.minecraft.beef":31,"stat.entityKilledBy.primitivemobs.goblin":1,"stat.pickup.minecraft.leather_helmet":3,"stat.useItem.mod_lavacow.tooth_dagger":2,"stat.pickup.minecraft.potion":3,"stat.pickup.primitivemobs.mimic_orb":1,"stat.craftItem.ebwizardry.magic_wand":1,"stat.useItem.minecraft.wheat_seeds":42,"stat.pickup.minecraft.emerald":5,"stat.useItem.minecraft.dye":68,"stat.useItem.minecraft.beef":2,"stat.deaths":34,"stat.killEntity.primitivemobs.rocket_creeper":2,"stat.craftItem.minecraft.iron_pickaxe":4,"stat.useItem.chisel.planks-oak":2,"stat.drop.minecraft.glass_bottle":2,"stat.drop.minecraft.iron_ingot":4,"stat.craftItem.mutantbeasts.mutant_skeleton_arms":4,"stat.pickup.chisel.marble2":3,"stat.mineBlock.minecraft.tallgrass":136,"stat.craftItem.minecraft.cooked_mutton":7,"stat.fishCaught":8,"stat.pickup.minecraft.cooked_mutton":7,"stat.chestOpened":608,"stat.useItem.primitivemobs.goblin_mace":40,"stat.useItem.minecraft.splash_potion":511,"stat.killEntity.primitivemobs.brain_slime":18,"stat.useItem.minecraft.stone":17,"stat.pickup.minecraft.arrow":20,"stat.pickup.minecraft.iron_sword":2,"stat.drop.treasure2.iron_key":1,"stat.drop.minecraft.iron_pickaxe":1,"stat.pickup.mutantbeasts.mutant_skeleton_shoulder_pad":6,"stat.pickup.minecraft.carrot":1,"stat.pickup.mutantbeasts.mutant_skeleton_skull":2,"stat.crouchOneCm":141678,"stat.craftItem.minecraft.iron_ingot":113,"stat.useItem.mod_lavacow.mimic_claw_cooked":8,"stat.craftingTableInteraction":13,"stat.craftItem.tconstruct.pattern":33,"stat.craftItem.minecraft.wooden_sword":1,"stat.pickup.minecraft.dye":58,"stat.pickup.minecraft.planks":19,"stat.pickup.chisel.limestone2":13,"stat.pickup.minecraft.wheat_seeds":57,"stat.craftItem.tconstruct.slime_congealed":4,"stat.mineBlock.minecraft.dirt":629,"stat.useItem.minecraft.bread":36,"stat.killEntity.primitivemobs.bewitched_tome":2,"stat.drop.minecraft.rotten_flesh":6,"stat.useItem.minecraft.cobblestone":130,"stat.useItem.minecraft.gravel":28,"stat.mineBlock.minecraft.double_plant":7,"stat.pickup.tconstruct.throwball":1,"stat.craftItem.minecraft.gold_ingot":17,"stat.pickup.minecraft.apple":10,"stat.drop.minecraft.fish":1,"stat.craftItem.minecraft.bucket":1,"stat.craftItem.minecraft.planks":308,"stat.useItem.minecraft.iron_sword":327,"stat.craftItem.minecraft.fishing_rod":2,"stat.drop.zoocraftdiscoveries.seed_tarragon":2,"stat.pickup.minecraft.book":2,"stat.mineBlock.minecraft.log":262,"stat.useItem.carryon.entity_item":43,"stat.craftItem.mutantbeasts.mutant_skeleton_leggings":2,"stat.pickup.minecraft.red_flower":71,"stat.pickup.mutantbeasts.mutant_skeleton_limb":20,"stat.pickup.minecraft.wool":8,"stat.useItem.minecraft.wooden_axe":24,"stat.pickup.zoocraftdiscoveries.seed_bay":3,"stat.useItem.minecraft.iron_axe":48,"stat.mineBlock.minecraft.cobblestone":15,"stat.drop.mod_lavacow.mimic_claw_cooked":1,"stat.pickup.minecraft.flint":62,"stat.mineBlock.minecraft.yellow_flower":4,"stat.entityKilledBy.Witch":1,"stat.pickup.minecraft.enchanted_book":1,"stat.pickup.spartanshields.shield_basic_iron":1,"stat.pickup.minecraft.cooked_porkchop":7,"stat.useItem.minecraft.cookie":1,"stat.useItem.minecraft.stone_slab2":215,"stat.pickup.minecraft.bow":2,"stat.pickup.minecraft.iron_boots":1,"stat.craftItem.minecraft.furnace":7,"stat.craftItem.minecraft.iron_boots":3,"stat.pickup.zoocraftdiscoveries.herb_saffron":2,"stat.pickup.treasure2.wither_log":4,"stat.craftItem.minecraft.cooked_beef":27,"stat.pickup.mutantbeasts.mutant_skeleton_rib":17,"stat.mineBlock.minecraft.clay":51,"stat.flyOneCm":2205355,"stat.pickup.minecraft.fish":10,"stat.timeSinceDeath":37784,"stat.drop.spartanweaponry.scythe_iron":1,"stat.useItem.minecraft.wooden_slab":3,"stat.craftItem.minecraft.iron_block":3,"stat.pickup.ebwizardry.arcane_workbench":1,"stat.killEntity.mod_lavacow.parasite":5,"stat.pickup.travelersbackpack.travelers_backpack":3,"stat.craftItem.tconstruct.seared":75,"stat.drop.tconstruct.throwball":2,"stat.mineBlock.minecraft.coal_ore":183,"stat.drop.minecraft.wool":1,"stat.killEntity.Creeper":4,"stat.pickup.minecraft.wooden_sword":2,"stat.pickup.minecraft.string":14,"stat.entityKilledBy.Skeleton":1,"stat.craftItem.tconstruct.tooltables":7,"stat.sprintOneCm":557429,"stat.craftItem.minecraft.wooden_axe":2,"stat.useItem.carryon.tile_item":40,"stat.mineBlock.treasure2.wither_log_soul":1,"stat.pickup.zoocraftdiscoveries.seed_rosemary":5,"stat.entityKilledBy.primitivemobs.mimic":1,"stat.useItem.minecraft.wooden_sword":7,"stat.killEntity.primitivemobs.harpy":6,"stat.killEntity.Zombie":26,"stat.craftItem.minecraft.dye":66,"stat.pickup.zoocraftdiscoveries.herb_bay":1,"stat.mineBlock.minecraft.gold_ore":17,"stat.diveOneCm":93206,"stat.craftItem.minecraft.sandstone":1,"stat.pickup.minecraft.wheat":29,"stat.pickup.zoocraftdiscoveries.seed_tarragon":2,"stat.craftItem.minecraft.cooked_porkchop":2,"stat.mineBlock.tconstruct.slime_leaves":1,"stat.pickup.mod_lavacow.scarecrowhead_straw":4,"stat.useItem.minecraft.rotten_flesh":5,"stat.drop.minecraft.sponge":1,"stat.drop.treasure2.silver_ring":1,"stat.jump":5811,"stat.useItem.minecraft.sand":6,"stat.pickup.minecraft.coal":240,"stat.pickup.minecraft.iron_ingot":36,"stat.pickup.minecraft.gunpowder":14,"stat.drop.minecraft.wooden_sword":1,"stat.craftItem.minecraft.torch":164,"stat.useItem.spartanweaponry.boomerang_wood":2,"stat.pickup.minecraft.dirt":1033,"stat.pickup.minecraft.gold_ore":17,"stat.useItem.minecraft.sapling":3,"stat.mineBlock.minecraft.lapis_ore":8,"stat.pickup.minecraft.iron_axe":1,"stat.damageTaken":18110,"stat.mineBlock.minecraft.torch":9,"stat.mineBlock.minecraft.red_flower":50,"stat.killEntity.tconstruct.blueslime":21,"stat.drop.zoocraftdiscoveries.seed_oregano":1,"stat.craftItem.spartanweaponry.katana_iron":4,"stat.pickup.ebwizardry.crystal_flower":1,"stat.drop.tconstruct.slimesling":1,"stat.pickup.zoocraftdiscoveries.seed_saffron":9,"stat.craftItem.mutantbeasts.mutant_skeleton_chestplate":2,"stat.craftItem.mod_lavacow.mimic_claw_cooked":9,"stat.useItem.forge.bucketfilled":2,"stat.entityKilledBy.Zombie":3,"stat.pickup.zoocraftdiscoveries.herb_rosemary":2,"stat.useItem.minecraft.chest":4,"stat.pickup.mod_lavacow.mimic_claw":10,"stat.craftItem.minecraft.iron_chestplate":3,"stat.killEntity.mod_lavacow.undeadswine":1,"stat.pickup.minecraft.cooked_beef":5,"stat.craftItem.travelersbackpack.sleeping_bag_bottom":2,"stat.craftItem.mutantbeasts.mutant_skeleton_rib_cage":2,"stat.mineBlock.minecraft.tnt":3,"stat.pickup.zoocraftdiscoveries.seed_thyme":1,"stat.mobKills":214,"stat.craftItem.minecraft.shears":1,"stat.pickup.minecraft.diamond":2,"stat.pickup.minecraft.beetroot_seeds":8,"stat.pickup.minecraft.torch":27,"stat.pickup.blocklings.blockling":1,"stat.mineBlock.ebwizardry.crystal_flower":1,"stat.useItem.mod_lavacow.parasite_item":1,"stat.craftItem.minecraft.iron_axe":2,"stat.killEntity.mutantbeasts.mutant_skeleton":2,"stat.pickup.mod_lavacow.cursed_fabric":13,"stat.useItem.minecraft.mutton":2,"stat.useItem.minecraft.planks":3,"stat.pickup.minecraft.porkchop":27,"stat.pickup.minecraft.blaze_powder":1,"stat.pickup.tconstruct.slimesling":1,"stat.useItem.minecraft.water_bucket":9,"stat.pickup.minecraft.sand":263,"stat.entityKilledBy.Spider":1,"stat.killEntity.primitivemobs.festive_creeper":4,"stat.entityKilledBy.primitivemobs.skeleton_warrior":2,"stat.pickup.minecraft.name_tag":2,"stat.pickup.minecraft.wooden_hoe":2,"stat.pickup.zoocraftdiscoveries.seed_oregano":2,"stat.mineBlock.minecraft.sand":259,"stat.pickup.zoocraftdiscoveries.seed_chive":5,"stat.craftItem.minecraft.wooden_hoe":2,"stat.pickup.treasure2.iron_lock":3,"stat.craftItem.minecraft.cooked_fish":4,"stat.craftItem.spartanshields.shield_basic_wood":3,"stat.mineBlock.tconstruct.slime_grass_tall":2,"stat.pickup.mod_lavacow.ectoplasm":1,"stat.useItem.treasure2.leaf_key":1,"stat.useItem.minecraft.cooked_mutton":13,"stat.pickup.minecraft.furnace":2,"stat.drop.minecraft.stained_hardened_clay":1,"stat.craftItem.travelersbackpack.travelers_backpack":2,"stat.drop.minecraft.fishing_rod":1,"stat.entityKilledBy.mutantbeasts.mutant_skeleton":2,"stat.drop.minecraft.wooden_hoe":1,"stat.pickup.minecraft.pumpkin_seeds":7,"stat.pickup.tconstruct.slime_dirt":9,"stat.pickup.treasure2.leaf_lock":5,"stat.playOneMinute":615407,"stat.pickup.minecraft.iron_bars":3,"stat.pickup.treasure2.treasure_tool":1,"stat.drop.mod_lavacow.tooth_dagger":3,"stat.useItem.minecraft.fish":5,"stat.craftItem.treasure2.wither_planks":16,"stat.pickup.zoocraftdiscoveries.herb_chive":1,"stat.drop.chisel.planks-oak":1,"stat.craftItem.minecraft.iron_nugget":36,"stat.fallOneCm":109222,"stat.drop.minecraft.stone":3,"stat.drop.minecraft.dye":3,"stat.pickup.minecraft.melon_seeds":4,"stat.drop.treasure2.charm_book":1,"stat.craftItem.minecraft.chest":10,"stat.pickup.minecraft.golden_leggings":1,"stat.pickup.mod_lavacow.swinearmor_boots":1,"stat.pickup.primitivemobs.goblin_mace":4,"stat.pickup.minecraft.feather":18,"stat.pickup.minecraft.record_cat":1,"stat.useItem.minecraft.furnace":2,"stat.craftItem.tconstruct.materials":318,"stat.killEntity.Llama":1,"stat.mineBlock.minecraft.gravel":168,"stat.useItem.minecraft.stone_pickaxe":203,"stat.drop.zoocraftdiscoveries.frogspawn":1,"stat.craftItem.tconstruct.seared_tank":1,"stat.craftItem.minecraft.iron_leggings":2,"stat.killEntity.primitivemobs.baby_spider":5,"stat.useItem.minecraft.iron_bars":1,"stat.useItem.minecraft.torch":169,"stat.pickup.minecraft.crafting_table":3,"stat.useItem.minecraft.log":1,"stat.craftItem.minecraft.crafting_table":6,"stat.mineBlock.ebwizardry.crystal_ore":8,"stat.mineBlock.minecraft.emerald_ore":2,"stat.killEntity.zoocraftdiscoveries.frog":28,"stat.pickup.minecraft.log":245,"stat.useItem.minecraft.cooked_fish":9,"stat.pickup.treasure2.silver_ring":1,"stat.pickup.minecraft.sapling":74,"stat.craftItem.treasure2.thiefs_lock_pick":6,"stat.craftItem.tconstruct.smeltery_controller":2,"stat.pickup.minecraft.beetroot":2,"stat.killEntity.primitivemobs.flame_spewer":2,"stat.mineBlock.tconstruct.slime_grass":9,"stat.useItem.spartanweaponry.katana_iron":118,"stat.mineBlock.mod_lavacow.glowshroom":3,"stat.pickup.treasure2.wood_key":1,"stat.craftItem.mutantbeasts.mutant_skeleton_boots":2,"stat.useItem.minecraft.beetroot_seeds":1,"stat.sneakTime":41190,"stat.pickup.minecraft.stone_slab":1,"stat.drop.minecraft.yellow_flower":2,"stat.pickup.minecraft.yellow_flower":6,"stat.pickup.minecraft.golden_rail":3,"stat.drop.tconstruct.slime_dirt":5,"stat.drop.minecraft.wooden_axe":1,"stat.useItem.minecraft.fishing_rod":16,"stat.pickup.minecraft.chest":5,"stat.drop.minecraft.stone_pickaxe":1,"stat.pickup.minecraft.bone":38,"stat.horseOneCm":1998,"stat.pickup.chisel.planks-oak":4,"stat.useItem.minecraft.diamond_sword":8,"stat.craftItem.tconstruct.slimesling":2,"stat.swimOneCm":186353,"stat.pickup.zoocraftdiscoveries.frogspawn":12,"stat.drop.minecraft.brown_mushroom":2,"stat.useItem.minecraft.dirt":437,"stat.pickup.zoocraftdiscoveries.seed_basil":11,"stat.killEntity.primitivemobs.mother_spider":1,"stat.pickup.spartanweaponry.scythe_iron":1,"stat.useItem.minecraft.red_flower":2,"stat.drop.treasure2.copper_coin":3,"stat.craftItem.spartanshields.shield_basic_iron":2,"stat.drop.zoocraftdiscoveries.seed_saffron":5,"stat.drop.spartanweaponry.boomerang_wood":1,"stat.craftItem.minecraft.stone_pickaxe":2,"stat.pickup.minecraft.cobblestone":1710,"stat.useItem.minecraft.stone_shovel":829,"stat.mineBlock.chisel.limestone2":14,"stat.pickup.minecraft.glass_bottle":1,"stat.drop.minecraft.wheat_seeds":6,"stat.craftItem.minecraft.wooden_slab":6,"stat.useItem.minecraft.cooked_beef":28,"stat.useItem.zoocraftdiscoveries.seed_basil":4,"stat.pickup.minecraft.redstone":264,"stat.mineBlock.minecraft.iron_ore":164,"stat.pickup.minecraft.mutton":2,"stat.mineBlock.ebwizardry.arcane_workbench":1,"stat.pickup.minecraft.stonebrick":1,"stat.useItem.minecraft.cooked_porkchop":17,"stat.pickup.ebwizardry.magic_crystal":21,"stat.drop.minecraft.beetroot_seeds":5,"stat.craftItem.tconstruct.soil":410,"stat.entityKilledBy.primitivemobs.baby_spider":2,"stat.craftItem.tconstruct.slime_boots":2,"stat.craftItem.minecraft.stone_slab2":0,"stat.craftItem.mod_lavacow.tooth_dagger":5,"stat.useItem.tconstruct.slime_dirt":4,"stat.craftItem.minecraft.stick":136,"stat.craftItem.minecraft.gold_nugget":9,"stat.mineBlock.minecraft.crafting_table":3,"stat.useItem.spartanweaponry.scythe_iron":6,"stat.mineBlock.minecraft.planks":1,"stat.drop":103,"stat.killEntity.Sheep":1,"stat.pickup.minecraft.slime_ball":35,"stat.pickup.zoocraftdiscoveries.seed_parsley":1,"stat.drop.minecraft.bread":3,"stat.killEntity.primitivemobs.haunted_tool":2,"stat.pickup.treasure2.wither_stick_item":1,"stat.pickup.minecraft.gravel":525,"stat.drop.minecraft.cooked_beef":2,"stat.useItem.minecraft.diamond_axe":1,"stat.useItem.minecraft.apple":15,"stat.mineBlock.treasure2.wither_log":4,"stat.entityKilledBy.primitivemobs.bewitched_tome":2,"stat.useItem.minecraft.potion":3,"stat.killEntity.primitivemobs.support_creeper":1,"stat.pickup.minecraft.stone_brick_stairs":1,"stat.pickup.minecraft.diamond_sword":1,"stat.craftItem.travelersbackpack.backpack_tank":3,"stat.useItem.minecraft.wooden_hoe":25,"stat.drop.treasure2.copper_charm":1,"stat.pickup.minecraft.iron_helmet":1,"stat.useItem.minecraft.stone_axe":27,"stat.craftItem.minecraft.bread":8,"stat.pickup.minecraft.spider_eye":3,"stat.killEntity.primitivemobs.goblin":4,"stat.entityKilledBy.primitivemobs.mother_spider":2,"stat.craftItem.minecraft.iron_helmet":4,"stat.pickup.zoocraftdiscoveries.herb_basil":5,"stat.drop.blocklings.blockling":1,"stat.pickup.minecraft.iron_ore":177,"stat.pickup.tconstruct.slime_congealed":57,"stat.pickup.mod_lavacow.glowshroom":3,"stat.entityKilledBy.primitivemobs.haunted_tool":1,"stat.mineBlock.minecraft.iron_bars":3,"stat.pickup.treasure2.iron_key":3,"stat.pickup.minecraft.leather":17,"stat.mineBlock.minecraft.furnace":2,"stat.useItem.minecraft.wooden_pickaxe":59,"stat.mineBlock.mod_lavacow.scarecrowhead_straw":2,"stat.pickup.minecraft.reeds":2,"stat.drop.zoocraftdiscoveries.seed_coriander":2,"stat.damageDealt":24738,"stat.craftItem.minecraft.glass":33,"stat.killEntity.bound_soul":1,"stat.sleepInBed":11,"stat.craftItem.minecraft.anvil":1,"stat.killEntity.Cow":16,"stat.killEntity.Pig":15,"stat.craftItem.minecraft.iron_sword":1,"stat.craftItem.minecraft.stone_shovel":7,"stat.walkOneCm":1704078,"stat.playerKills":5,"stat.pickup.minecraft.stick":15,"stat.pickup.minecraft.clay_ball":204,"stat.craftItem.tconstruct.throwball":24,"stat.drop.treasure2.silver_coin":12,"stat.killEntity.primitivemobs.mimic":1,"stat.pickup.minecraft.tnt":4,"stat.drop.minecraft.iron_chestplate":1,"stat.pickup.minecraft.stone":161,"stat.pickup.zoocraftdiscoveries.seed_coriander":3,"stat.pickup.treasure2.stone_lock":2,"stat.pickup.minecraft.gold_ingot":2,"stat.killEntity.Skeleton":12,"stat.pickup.mod_lavacow.sharptooth":2,"stat.killEntity.Spider":4,"stat.pickup.minecraft.bread":6,"stat.killEntity.mod_lavacow.scarecrow":4,"stat.killEntity.mod_lavacow.banshee":1,"stat.mineBlock.minecraft.leaves":54,"stat.entityKilledBy.mod_lavacow.parasite":1,"stat.drop.treasure2.wood_key":1,"stat.mineBlock.minecraft.redstone_ore":36,"stat.mineBlock.chisel.planks-oak":3,"stat.mineBlock.minecraft.stone":461}